,,,-00.000000462000,  -4.40000,
,,,-00.000000461000,  -4.40000,
,,,-00.000000460000,  -4.40000,
,,,-00.000000459000,  -4.40000,
,,,-00.000000458000,  -4.40000,
,,,-00.000000457000,  -4.40000,
,,,-00.000000456000,  -4.40000,
,,,-00.000000455000,  -4.40000,
,,,-00.000000454000,  -4.40000,
,,,-00.000000453000,  -4.40000,
,,,-00.000000452000,  -4.40000,
,,,-00.000000451000,  -4.40000,
,,,-00.000000450000,  -4.40000,
,,,-00.000000449000,  -4.40000,
,,,-00.000000448000,  -4.40000,
,,,-00.000000447000,  -4.40000,
,,,-00.000000446000,  -4.40000,
,,,-00.000000445000,  -4.40000,
,,,-00.000000444000,  -4.40000,
,,,-00.000000443000,  -4.40000,
,,,-00.000000442000,  -4.40000,
,,,-00.000000441000,  -4.40000,
,,,-00.000000440000,  -4.40000,
,,,-00.000000439000,  -4.40000,
,,,-00.000000438000,  -4.40000,
,,,-00.000000437000,  -4.40000,
,,,-00.000000436000,  -4.40000,
,,,-00.000000435000,  -4.40000,
,,,-00.000000434000,  -4.40000,
,,,-00.000000433000,  -4.40000,
,,,-00.000000432000,  -4.40000,
,,,-00.000000431000,  -4.40000,
,,,-00.000000430000,  -4.40000,
,,,-00.000000429000,  -4.40000,
,,,-00.000000428000,  -4.40000,
,,,-00.000000427000,  -4.40000,
,,,-00.000000426000,  -4.40000,
,,,-00.000000425000,  -4.40000,
,,,-00.000000424000,  -4.40000,
,,,-00.000000423000,  -4.40000,
,,,-00.000000422000,  -4.40000,
,,,-00.000000421000,  -4.40000,
,,,-00.000000420000,  -4.40000,
,,,-00.000000419000,  -4.40000,
,,,-00.000000418000,  -4.40000,
,,,-00.000000417000,  -4.40000,
,,,-00.000000416000,  -4.40000,
,,,-00.000000415000,  -4.40000,
,,,-00.000000414000,  -4.40000,
,,,-00.000000413000,  -4.40000,
,,,-00.000000412000,  -4.40000,
,,,-00.000000411000,  -4.40000,
,,,-00.000000410000,  -4.80000,
,,,-00.000000409000,  -4.40000,
,,,-00.000000408000,  -4.40000,
,,,-00.000000407000,  -4.40000,
,,,-00.000000406000,  -4.40000,
,,,-00.000000405000,  -4.40000,
,,,-00.000000404000,  -4.40000,
,,,-00.000000403000,  -4.40000,
,,,-00.000000402000,  -4.40000,
,,,-00.000000401000,  -4.40000,
,,,-00.000000400000,  -4.40000,
,,,-00.000000399000,  -4.40000,
,,,-00.000000398000,  -4.40000,
,,,-00.000000397000,  -4.40000,
,,,-00.000000396000,  -4.40000,
,,,-00.000000395000,  -4.40000,
,,,-00.000000394000,  -4.40000,
,,,-00.000000393000,  -4.40000,
,,,-00.000000392000,  -4.40000,
,,,-00.000000391000,  -4.40000,
,,,-00.000000390000,  -4.40000,
,,,-00.000000389000,  -4.40000,
,,,-00.000000388000,  -4.40000,
,,,-00.000000387000,  -4.40000,
,,,-00.000000386000,  -4.40000,
,,,-00.000000385000,  -4.40000,
,,,-00.000000384000,  -4.40000,
,,,-00.000000383000,  -4.40000,
,,,-00.000000382000,  -4.40000,
,,,-00.000000381000,  -4.40000,
,,,-00.000000380000,  -4.40000,
,,,-00.000000379000,  -4.40000,
,,,-00.000000378000,  -4.40000,
,,,-00.000000377000,  -4.40000,
,,,-00.000000376000,  -4.40000,
,,,-00.000000375000,  -4.40000,
,,,-00.000000374000,  -4.40000,
,,,-00.000000373000,  -4.40000,
,,,-00.000000372000,  -4.40000,
,,,-00.000000371000,  -4.40000,
,,,-00.000000370000,  -4.40000,
,,,-00.000000369000,  -4.40000,
,,,-00.000000368000,  -4.40000,
,,,-00.000000367000,  -4.40000,
,,,-00.000000366000,  -4.40000,
,,,-00.000000365000,  -4.40000,
,,,-00.000000364000,  -4.40000,
,,,-00.000000363000,  -4.40000,
,,,-00.000000362000,  -4.40000,
,,,-00.000000361000,  -4.40000,
,,,-00.000000360000,  -4.40000,
,,,-00.000000359000,  -4.40000,
,,,-00.000000358000,  -4.40000,
,,,-00.000000357000,  -4.40000,
,,,-00.000000356000,  -4.40000,
,,,-00.000000355000,  -4.40000,
,,,-00.000000354000,  -4.40000,
,,,-00.000000353000,  -4.40000,
,,,-00.000000352000,  -4.40000,
,,,-00.000000351000,  -4.40000,
,,,-00.000000350000,  -4.40000,
,,,-00.000000349000,  -4.40000,
,,,-00.000000348000,  -4.40000,
,,,-00.000000347000,  -4.40000,
,,,-00.000000346000,  -4.40000,
,,,-00.000000345000,  -4.40000,
,,,-00.000000344000,  -4.40000,
,,,-00.000000343000,  -4.40000,
,,,-00.000000342000,  -4.40000,
,,,-00.000000341000,  -4.40000,
,,,-00.000000340000,  -4.40000,
,,,-00.000000339000,  -4.40000,
,,,-00.000000338000,  -4.40000,
,,,-00.000000337000,  -4.40000,
,,,-00.000000336000,  -4.40000,
,,,-00.000000335000,  -4.40000,
,,,-00.000000334000,  -4.40000,
,,,-00.000000333000,  -4.40000,
,,,-00.000000332000,  -4.40000,
,,,-00.000000331000,  -4.40000,
,,,-00.000000330000,  -4.40000,
,,,-00.000000329000,  -4.40000,
,,,-00.000000328000,  -4.40000,
,,,-00.000000327000,  -4.40000,
,,,-00.000000326000,  -4.40000,
,,,-00.000000325000,  -4.40000,
,,,-00.000000324000,  -4.40000,
,,,-00.000000323000,  -4.40000,
,,,-00.000000322000,  -4.40000,
,,,-00.000000321000,  -4.40000,
,,,-00.000000320000,  -4.40000,
,,,-00.000000319000,  -4.40000,
,,,-00.000000318000,  -4.40000,
,,,-00.000000317000,  -4.40000,
,,,-00.000000316000,  -4.40000,
,,,-00.000000315000,  -4.40000,
,,,-00.000000314000,  -4.40000,
,,,-00.000000313000,  -4.40000,
,,,-00.000000312000,  -4.40000,
,,,-00.000000311000,  -4.80000,
,,,-00.000000310000,  -4.40000,
,,,-00.000000309000,  -4.40000,
,,,-00.000000308000,  -4.40000,
,,,-00.000000307000,  -4.40000,
,,,-00.000000306000,  -4.40000,
,,,-00.000000305000,  -4.40000,
,,,-00.000000304000,  -4.40000,
,,,-00.000000303000,  -4.40000,
,,,-00.000000302000,  -4.40000,
,,,-00.000000301000,  -4.40000,
,,,-00.000000300000,  -4.40000,
,,,-00.000000299000,  -4.40000,
,,,-00.000000298000,  -4.40000,
,,,-00.000000297000,  -4.40000,
,,,-00.000000296000,  -4.40000,
,,,-00.000000295000,  -4.40000,
,,,-00.000000294000,  -4.40000,
,,,-00.000000293000,  -4.40000,
,,,-00.000000292000,  -4.40000,
,,,-00.000000291000,  -4.40000,
,,,-00.000000290000,  -4.40000,
,,,-00.000000289000,  -4.40000,
,,,-00.000000288000,  -4.40000,
,,,-00.000000287000,  -4.40000,
,,,-00.000000286000,  -4.40000,
,,,-00.000000285000,  -4.40000,
,,,-00.000000284000,  -4.40000,
,,,-00.000000283000,  -4.40000,
,,,-00.000000282000,  -4.40000,
,,,-00.000000281000,  -4.40000,
,,,-00.000000280000,  -4.40000,
,,,-00.000000279000,  -4.40000,
,,,-00.000000278000,  -4.40000,
,,,-00.000000277000,  -4.40000,
,,,-00.000000276000,  -4.40000,
,,,-00.000000275000,  -4.40000,
,,,-00.000000274000,  -4.40000,
,,,-00.000000273000,  -4.40000,
,,,-00.000000272000,  -4.40000,
,,,-00.000000271000,  -4.40000,
,,,-00.000000270000,  -4.40000,
,,,-00.000000269000,  -4.40000,
,,,-00.000000268000,  -4.40000,
,,,-00.000000267000,  -4.40000,
,,,-00.000000266000,  -4.40000,
,,,-00.000000265000,  -4.40000,
,,,-00.000000264000,  -4.40000,
,,,-00.000000263000,  -4.40000,
,,,-00.000000262000,  -4.40000,
,,,-00.000000261000,  -4.40000,
,,,-00.000000260000,  -4.40000,
,,,-00.000000259000,  -4.40000,
,,,-00.000000258000,  -4.40000,
,,,-00.000000257000,  -4.40000,
,,,-00.000000256000,  -4.40000,
,,,-00.000000255000,  -4.40000,
,,,-00.000000254000,  -4.40000,
,,,-00.000000253000,  -4.40000,
,,,-00.000000252000,  -4.40000,
,,,-00.000000251000,  -4.40000,
,,,-00.000000250000,  -4.40000,
,,,-00.000000249000,  -4.40000,
,,,-00.000000248000,  -4.40000,
,,,-00.000000247000,  -4.40000,
,,,-00.000000246000,  -4.40000,
,,,-00.000000245000,  -4.40000,
,,,-00.000000244000,  -4.40000,
,,,-00.000000243000,  -4.40000,
,,,-00.000000242000,  -4.40000,
,,,-00.000000241000,  -4.40000,
,,,-00.000000240000,  -4.40000,
,,,-00.000000239000,  -4.40000,
,,,-00.000000238000,  -4.40000,
,,,-00.000000237000,  -4.40000,
,,,-00.000000236000,  -4.40000,
,,,-00.000000235000,  -4.40000,
,,,-00.000000234000,  -4.40000,
,,,-00.000000233000,  -4.40000,
,,,-00.000000232000,  -4.40000,
,,,-00.000000231000,  -4.40000,
,,,-00.000000230000,  -4.40000,
,,,-00.000000229000,  -4.40000,
,,,-00.000000228000,  -4.40000,
,,,-00.000000227000,  -4.40000,
,,,-00.000000226000,  -4.40000,
,,,-00.000000225000,  -4.40000,
,,,-00.000000224000,  -4.40000,
,,,-00.000000223000,  -4.40000,
,,,-00.000000222000,  -4.40000,
,,,-00.000000221000,  -4.40000,
,,,-00.000000220000,  -4.40000,
,,,-00.000000219000,  -4.40000,
,,,-00.000000218000,  -4.40000,
,,,-00.000000217000,  -4.40000,
,,,-00.000000216000,  -4.40000,
,,,-00.000000215000,  -4.40000,
,,,-00.000000214000,  -4.40000,
,,,-00.000000213000,  -4.40000,
,,,-00.000000212000,  -4.40000,
,,,-00.000000211000,  -4.40000,
,,,-00.000000210000,  -4.40000,
,,,-00.000000209000,  -4.40000,
,,,-00.000000208000,  -4.40000,
,,,-00.000000207000,  -4.40000,
,,,-00.000000206000,  -4.40000,
,,,-00.000000205000,  -4.40000,
,,,-00.000000204000,  -4.40000,
,,,-00.000000203000,  -4.40000,
,,,-00.000000202000,  -4.40000,
,,,-00.000000201000,  -4.40000,
,,,-00.000000200000,  -4.40000,
,,,-00.000000199000,  -4.40000,
,,,-00.000000198000,  -4.40000,
,,,-00.000000197000,  -4.40000,
,,,-00.000000196000,  -4.40000,
,,,-00.000000195000,  -4.40000,
,,,-00.000000194000,  -4.40000,
,,,-00.000000193000,  -4.40000,
,,,-00.000000192000,  -4.40000,
,,,-00.000000191000,  -4.40000,
,,,-00.000000190000,  -4.40000,
,,,-00.000000189000,  -4.40000,
,,,-00.000000188000,  -4.40000,
,,,-00.000000187000,  -4.40000,
,,,-00.000000186000,  -4.40000,
,,,-00.000000185000,  -4.40000,
,,,-00.000000184000,  -4.40000,
,,,-00.000000183000,  -4.40000,
,,,-00.000000182000,  -4.40000,
,,,-00.000000181000,  -4.40000,
,,,-00.000000180000,  -4.40000,
,,,-00.000000179000,  -4.40000,
,,,-00.000000178000,  -4.40000,
,,,-00.000000177000,  -4.40000,
,,,-00.000000176000,  -4.40000,
,,,-00.000000175000,  -4.40000,
,,,-00.000000174000,  -4.40000,
,,,-00.000000173000,  -4.40000,
,,,-00.000000172000,  -4.40000,
,,,-00.000000171000,  -4.40000,
,,,-00.000000170000,  -4.40000,
,,,-00.000000169000,  -4.40000,
,,,-00.000000168000,  -4.40000,
,,,-00.000000167000,  -4.40000,
,,,-00.000000166000,  -4.40000,
,,,-00.000000165000,  -4.40000,
,,,-00.000000164000,  -4.40000,
,,,-00.000000163000,  -4.40000,
,,,-00.000000162000,  -4.40000,
,,,-00.000000161000,  -4.40000,
,,,-00.000000160000,  -4.40000,
,,,-00.000000159000,  -4.40000,
,,,-00.000000158000,  -4.40000,
,,,-00.000000157000,  -4.40000,
,,,-00.000000156000,  -4.40000,
,,,-00.000000155000,  -4.40000,
,,,-00.000000154000,  -4.40000,
,,,-00.000000153000,  -4.40000,
,,,-00.000000152000,  -4.40000,
,,,-00.000000151000,  -4.40000,
,,,-00.000000150000,  -4.40000,
,,,-00.000000149000,  -4.40000,
,,,-00.000000148000,  -4.40000,
,,,-00.000000147000,  -4.40000,
,,,-00.000000146000,  -4.40000,
,,,-00.000000145000,  -4.40000,
,,,-00.000000144000,  -4.40000,
,,,-00.000000143000,  -4.40000,
,,,-00.000000142000,  -4.40000,
,,,-00.000000141000,  -4.40000,
,,,-00.000000140000,  -4.40000,
,,,-00.000000139000,  -4.40000,
,,,-00.000000138000,  -4.40000,
,,,-00.000000137000,  -4.40000,
,,,-00.000000136000,  -4.40000,
,,,-00.000000135000,  -4.40000,
,,,-00.000000134000,  -4.40000,
,,,-00.000000133000,  -4.40000,
,,,-00.000000132000,  -4.40000,
,,,-00.000000131000,  -4.40000,
,,,-00.000000130000,  -4.40000,
,,,-00.000000129000,  -4.40000,
,,,-00.000000128000,  -4.40000,
,,,-00.000000127000,  -4.40000,
,,,-00.000000126000,  -4.40000,
,,,-00.000000125000,  -4.40000,
,,,-00.000000124000,  -4.40000,
,,,-00.000000123000,  -4.40000,
,,,-00.000000122000,  -4.40000,
,,,-00.000000121000,  -4.40000,
,,,-00.000000120000,  -4.40000,
,,,-00.000000119000,  -4.40000,
,,,-00.000000118000,  -4.40000,
,,,-00.000000117000,  -4.40000,
,,,-00.000000116000,  -4.40000,
,,,-00.000000115000,  -4.40000,
,,,-00.000000114000,  -4.40000,
,,,-00.000000113000,  -4.40000,
,,,-00.000000112000,  -4.40000,
,,,-00.000000111000,  -4.40000,
,,,-00.000000110000,  -4.40000,
,,,-00.000000109000,  -4.40000,
,,,-00.000000108000,  -4.40000,
,,,-00.000000107000,  -4.40000,
,,,-00.000000106000,  -4.40000,
,,,-00.000000105000,  -4.40000,
,,,-00.000000104000,  -4.40000,
,,,-00.000000103000,  -4.40000,
,,,-00.000000102000,  -4.40000,
,,,-00.000000101000,  -4.40000,
,,,-00.000000100000,  -4.40000,
,,,-00.000000099000,  -4.40000,
,,,-00.000000098000,  -4.40000,
,,,-00.000000097000,  -4.40000,
,,,-00.000000096000,  -4.40000,
,,,-00.000000095000,  -4.40000,
,,,-00.000000094000,  -4.40000,
,,,-00.000000093000,  -4.40000,
,,,-00.000000092000,  -4.40000,
,,,-00.000000091000,  -4.40000,
,,,-00.000000090000,  -4.40000,
,,,-00.000000089000,  -4.40000,
,,,-00.000000088000,  -4.40000,
,,,-00.000000087000,  -4.40000,
,,,-00.000000086000,  -4.40000,
,,,-00.000000085000,  -4.40000,
,,,-00.000000084000,  -4.40000,
,,,-00.000000083000,  -4.40000,
,,,-00.000000082000,  -4.40000,
,,,-00.000000081000,  -4.40000,
,,,-00.000000080000,  -4.40000,
,,,-00.000000079000,  -4.40000,
,,,-00.000000078000,  -4.40000,
,,,-00.000000077000,  -4.40000,
,,,-00.000000076000,  -4.40000,
,,,-00.000000075000,  -4.40000,
,,,-00.000000074000,  -4.40000,
,,,-00.000000073000,  -4.40000,
,,,-00.000000072000,  -4.40000,
,,,-00.000000071000,  -4.40000,
,,,-00.000000070000,  -4.40000,
,,,-00.000000069000,  -4.40000,
,,,-00.000000068000,  -4.40000,
,,,-00.000000067000,  -4.40000,
,,,-00.000000066000,  -4.40000,
,,,-00.000000065000,  -4.40000,
,,,-00.000000064000,  -4.40000,
,,,-00.000000063000,  -4.40000,
,,,-00.000000062000,  -4.40000,
,,,-00.000000061000,  -4.40000,
,,,-00.000000060000,  -4.40000,
,,,-00.000000059000,  -4.40000,
,,,-00.000000058000,  -4.40000,
,,,-00.000000057000,  -4.40000,
,,,-00.000000056000,  -4.40000,
,,,-00.000000055000,  -4.40000,
,,,-00.000000054000,  -4.40000,
,,,-00.000000053000,  -4.40000,
,,,-00.000000052000,  -4.40000,
,,,-00.000000051000,  -4.40000,
,,,-00.000000050000,  -4.40000,
,,,-00.000000049000,  -4.40000,
,,,-00.000000048000,  -4.40000,
,,,-00.000000047000,  -4.40000,
,,,-00.000000046000,  -4.40000,
,,,-00.000000045000,  -4.40000,
,,,-00.000000044000,  -4.40000,
,,,-00.000000043000,  -4.40000,
,,,-00.000000042000,  -4.40000,
,,,-00.000000041000,  -4.40000,
,,,-00.000000040000,  -4.40000,
,,,-00.000000039000,  -4.40000,
,,,-00.000000038000,  -4.40000,
,,,-00.000000037000,  -4.40000,
,,,-00.000000036000,  -4.40000,
,,,-00.000000035000,  -4.40000,
,,,-00.000000034000,  -4.40000,
,,,-00.000000033000,  -4.40000,
,,,-00.000000032000,  -4.40000,
,,,-00.000000031000,  -4.40000,
,,,-00.000000030000,  -4.40000,
,,,-00.000000029000,  -4.40000,
,,,-00.000000028000,  -4.40000,
,,,-00.000000027000,  -4.40000,
,,,-00.000000026000,  -4.00000,
,,,-00.000000025000,  -4.00000,
,,,-00.000000024000,  -4.00000,
,,,-00.000000023000,  -3.60000,
,,,-00.000000022000,  -3.60000,
,,,-00.000000021000,  -3.20000,
,,,-00.000000020000,  -2.80000,
,,,-00.000000019000,  -2.80000,
,,,-00.000000018000,  -2.40000,
,,,-00.000000017000,  -2.00000,
,,,-00.000000016000,  -1.20000,
,,,-00.000000015000,  -0.80000,
,,,-00.000000014000,  -0.40000,
,,,-00.000000013000,   0.40000,
,,,-00.000000012000,   1.20000,
,,,-00.000000011000,   2.00000,
,,,-00.000000010000,   2.80000,
,,,-00.000000009000,   3.60000,
,,,-00.000000008000,   4.40000,
,,,-00.000000007000,   5.60000,
,,,-00.000000006000,   6.40000,
,,,-00.000000005000,   7.60000,
,,,-00.000000004000,   8.80000,
,,,-00.000000003000,  10.00000,
,,,-00.000000002000,  11.20000,
,,,-00.000000001000,  12.40000,
,,,-00.000000000000,  13.60000,
,,,00.000000001000,  14.80000,
,,,00.000000002000,  16.00000,
,,,00.000000003000,  17.20000,
,,,00.000000004000,  18.40000,
,,,00.000000005000,  19.60000,
,,,00.000000006000,  20.80000,
,,,00.000000007000,  22.00000,
,,,00.000000008000,  23.20000,
,,,00.000000009000,  24.40000,
,,,00.000000010000,  25.60000,
,,,00.000000011000,  26.40000,
,,,00.000000012000,  27.60000,
,,,00.000000013000,  28.80000,
,,,00.000000014000,  29.60000,
,,,00.000000015000,  30.80000,
,,,00.000000016000,  32.00000,
,,,00.000000017000,  32.80000,
,,,00.000000018000,  34.00000,
,,,00.000000019000,  34.80000,
,,,00.000000020000,  36.00000,
,,,00.000000021000,  36.80000,
,,,00.000000022000,  38.00000,
,,,00.000000023000,  38.80000,
,,,00.000000024000,  40.00000,
,,,00.000000025000,  40.80000,
,,,00.000000026000,  41.60000,
,,,00.000000027000,  42.40000,
,,,00.000000028000,  43.20000,
,,,00.000000029000,  44.00000,
,,,00.000000030000,  44.80000,
,,,00.000000031000,  45.60000,
,,,00.000000032000,  46.00000,
,,,00.000000033000,  46.80000,
,,,00.000000034000,  47.20000,
,,,00.000000035000,  48.00000,
,,,00.000000036000,  48.40000,
,,,00.000000037000,  48.80000,
,,,00.000000038000,  49.20000,
,,,00.000000039000,  49.60000,
,,,00.000000040000,  50.00000,
,,,00.000000041000,  50.40000,
,,,00.000000042000,  50.40000,
,,,00.000000043000,  50.80000,
,,,00.000000044000,  51.20000,
,,,00.000000045000,  51.20000,
,,,00.000000046000,  51.20000,
,,,00.000000047000,  51.60000,
,,,00.000000048000,  51.60000,
,,,00.000000049000,  51.60000,
,,,00.000000050000,  52.00000,
,,,00.000000051000,  52.00000,
,,,00.000000052000,  52.00000,
,,,00.000000053000,  52.00000,
,,,00.000000054000,  52.00000,
,,,00.000000055000,  52.00000,
,,,00.000000056000,  52.00000,
,,,00.000000057000,  52.40000,
,,,00.000000058000,  52.40000,
,,,00.000000059000,  52.40000,
,,,00.000000060000,  52.40000,
,,,00.000000061000,  52.40000,
,,,00.000000062000,  52.40000,
,,,00.000000063000,  52.40000,
,,,00.000000064000,  52.40000,
,,,00.000000065000,  52.40000,
,,,00.000000066000,  52.40000,
,,,00.000000067000,  52.40000,
,,,00.000000068000,  52.40000,
,,,00.000000069000,  52.40000,
,,,00.000000070000,  52.40000,
,,,00.000000071000,  52.40000,
,,,00.000000072000,  52.40000,
,,,00.000000073000,  52.40000,
,,,00.000000074000,  52.40000,
,,,00.000000075000,  52.40000,
,,,00.000000076000,  52.40000,
,,,00.000000077000,  52.80000,
,,,00.000000078000,  52.80000,
,,,00.000000079000,  52.80000,
,,,00.000000080000,  52.80000,
,,,00.000000081000,  52.80000,
,,,00.000000082000,  52.80000,
,,,00.000000083000,  52.80000,
,,,00.000000084000,  52.80000,
,,,00.000000085000,  52.80000,
,,,00.000000086000,  52.80000,
,,,00.000000087000,  52.80000,
,,,00.000000088000,  52.80000,
,,,00.000000089000,  52.80000,
,,,00.000000090000,  52.80000,
,,,00.000000091000,  52.80000,
,,,00.000000092000,  52.80000,
,,,00.000000093000,  52.80000,
,,,00.000000094000,  52.80000,
,,,00.000000095000,  52.80000,
,,,00.000000096000,  52.80000,
,,,00.000000097000,  52.80000,
,,,00.000000098000,  52.80000,
,,,00.000000099000,  53.20000,
,,,00.000000100000,  53.20000,
,,,00.000000101000,  53.20000,
,,,00.000000102000,  53.20000,
,,,00.000000103000,  53.20000,
,,,00.000000104000,  53.20000,
,,,00.000000105000,  53.20000,
,,,00.000000106000,  53.20000,
,,,00.000000107000,  53.20000,
,,,00.000000108000,  53.20000,
,,,00.000000109000,  53.20000,
,,,00.000000110000,  53.20000,
,,,00.000000111000,  53.20000,
,,,00.000000112000,  53.20000,
,,,00.000000113000,  53.20000,
,,,00.000000114000,  53.20000,
,,,00.000000115000,  53.20000,
,,,00.000000116000,  53.20000,
,,,00.000000117000,  53.20000,
,,,00.000000118000,  53.20000,
,,,00.000000119000,  53.20000,
,,,00.000000120000,  53.20000,
,,,00.000000121000,  53.20000,
,,,00.000000122000,  53.20000,
,,,00.000000123000,  53.20000,
,,,00.000000124000,  53.20000,
,,,00.000000125000,  53.20000,
,,,00.000000126000,  53.20000,
,,,00.000000127000,  53.20000,
,,,00.000000128000,  53.20000,
,,,00.000000129000,  53.20000,
,,,00.000000130000,  53.20000,
,,,00.000000131000,  53.20000,
,,,00.000000132000,  53.20000,
,,,00.000000133000,  53.20000,
,,,00.000000134000,  53.20000,
,,,00.000000135000,  53.20000,
,,,00.000000136000,  53.20000,
,,,00.000000137000,  53.20000,
,,,00.000000138000,  53.20000,
,,,00.000000139000,  53.20000,
,,,00.000000140000,  53.20000,
,,,00.000000141000,  53.20000,
,,,00.000000142000,  53.20000,
,,,00.000000143000,  53.20000,
,,,00.000000144000,  53.20000,
,,,00.000000145000,  53.20000,
,,,00.000000146000,  53.20000,
,,,00.000000147000,  53.20000,
,,,00.000000148000,  53.20000,
,,,00.000000149000,  53.20000,
,,,00.000000150000,  53.20000,
,,,00.000000151000,  53.20000,
,,,00.000000152000,  53.20000,
,,,00.000000153000,  53.20000,
,,,00.000000154000,  53.20000,
,,,00.000000155000,  53.20000,
,,,00.000000156000,  53.20000,
,,,00.000000157000,  53.20000,
,,,00.000000158000,  53.20000,
,,,00.000000159000,  53.20000,
,,,00.000000160000,  53.20000,
,,,00.000000161000,  53.20000,
,,,00.000000162000,  53.20000,
,,,00.000000163000,  53.20000,
,,,00.000000164000,  53.20000,
,,,00.000000165000,  53.20000,
,,,00.000000166000,  53.20000,
,,,00.000000167000,  53.20000,
,,,00.000000168000,  53.20000,
,,,00.000000169000,  53.20000,
,,,00.000000170000,  53.20000,
,,,00.000000171000,  53.20000,
,,,00.000000172000,  53.20000,
,,,00.000000173000,  53.20000,
,,,00.000000174000,  53.20000,
,,,00.000000175000,  53.20000,
,,,00.000000176000,  53.20000,
,,,00.000000177000,  53.20000,
,,,00.000000178000,  53.20000,
,,,00.000000179000,  53.20000,
,,,00.000000180000,  53.20000,
,,,00.000000181000,  53.20000,
,,,00.000000182000,  53.20000,
,,,00.000000183000,  53.20000,
,,,00.000000184000,  53.20000,
,,,00.000000185000,  53.20000,
,,,00.000000186000,  53.20000,
,,,00.000000187000,  53.20000,
,,,00.000000188000,  53.20000,
,,,00.000000189000,  53.20000,
,,,00.000000190000,  53.20000,
,,,00.000000191000,  53.20000,
,,,00.000000192000,  53.20000,
,,,00.000000193000,  53.20000,
,,,00.000000194000,  53.20000,
,,,00.000000195000,  53.20000,
,,,00.000000196000,  53.20000,
,,,00.000000197000,  53.20000,
,,,00.000000198000,  53.20000,
,,,00.000000199000,  53.20000,
,,,00.000000200000,  53.20000,
,,,00.000000201000,  53.20000,
,,,00.000000202000,  53.20000,
,,,00.000000203000,  53.20000,
,,,00.000000204000,  53.20000,
,,,00.000000205000,  53.20000,
,,,00.000000206000,  53.20000,
,,,00.000000207000,  53.20000,
,,,00.000000208000,  53.20000,
,,,00.000000209000,  53.20000,
,,,00.000000210000,  53.20000,
,,,00.000000211000,  53.20000,
,,,00.000000212000,  53.20000,
,,,00.000000213000,  53.20000,
,,,00.000000214000,  53.20000,
,,,00.000000215000,  53.20000,
,,,00.000000216000,  53.20000,
,,,00.000000217000,  53.20000,
,,,00.000000218000,  53.20000,
,,,00.000000219000,  53.20000,
,,,00.000000220000,  53.20000,
,,,00.000000221000,  53.20000,
,,,00.000000222000,  53.20000,
,,,00.000000223000,  53.20000,
,,,00.000000224000,  53.20000,
,,,00.000000225000,  53.20000,
,,,00.000000226000,  53.20000,
,,,00.000000227000,  53.20000,
,,,00.000000228000,  53.20000,
,,,00.000000229000,  53.20000,
,,,00.000000230000,  53.20000,
,,,00.000000231000,  53.20000,
,,,00.000000232000,  53.60000,
,,,00.000000233000,  53.60000,
,,,00.000000234000,  53.60000,
,,,00.000000235000,  53.60000,
,,,00.000000236000,  53.20000,
,,,00.000000237000,  53.20000,
,,,00.000000238000,  53.60000,
,,,00.000000239000,  53.60000,
,,,00.000000240000,  53.60000,
,,,00.000000241000,  53.60000,
,,,00.000000242000,  53.60000,
,,,00.000000243000,  53.60000,
,,,00.000000244000,  53.60000,
,,,00.000000245000,  53.60000,
,,,00.000000246000,  53.60000,
,,,00.000000247000,  53.60000,
,,,00.000000248000,  53.60000,
,,,00.000000249000,  53.60000,
,,,00.000000250000,  53.60000,
,,,00.000000251000,  53.60000,
,,,00.000000252000,  53.60000,
,,,00.000000253000,  53.60000,
,,,00.000000254000,  53.60000,
,,,00.000000255000,  53.60000,
,,,00.000000256000,  53.60000,
,,,00.000000257000,  53.60000,
,,,00.000000258000,  53.60000,
,,,00.000000259000,  53.60000,
,,,00.000000260000,  53.60000,
,,,00.000000261000,  53.60000,
,,,00.000000262000,  53.60000,
,,,00.000000263000,  53.60000,
,,,00.000000264000,  53.60000,
,,,00.000000265000,  53.60000,
,,,00.000000266000,  53.60000,
,,,00.000000267000,  53.60000,
,,,00.000000268000,  53.60000,
,,,00.000000269000,  53.60000,
,,,00.000000270000,  53.60000,
,,,00.000000271000,  53.60000,
,,,00.000000272000,  53.60000,
,,,00.000000273000,  53.60000,
,,,00.000000274000,  53.60000,
,,,00.000000275000,  53.60000,
,,,00.000000276000,  53.60000,
,,,00.000000277000,  53.60000,
,,,00.000000278000,  53.60000,
,,,00.000000279000,  53.60000,
,,,00.000000280000,  53.60000,
,,,00.000000281000,  53.60000,
,,,00.000000282000,  53.60000,
,,,00.000000283000,  53.60000,
,,,00.000000284000,  53.60000,
,,,00.000000285000,  53.60000,
,,,00.000000286000,  53.60000,
,,,00.000000287000,  53.60000,
,,,00.000000288000,  53.60000,
,,,00.000000289000,  53.60000,
,,,00.000000290000,  53.60000,
,,,00.000000291000,  53.60000,
,,,00.000000292000,  53.60000,
,,,00.000000293000,  53.60000,
,,,00.000000294000,  53.60000,
,,,00.000000295000,  53.60000,
,,,00.000000296000,  53.60000,
,,,00.000000297000,  53.60000,
,,,00.000000298000,  53.60000,
,,,00.000000299000,  53.60000,
,,,00.000000300000,  53.60000,
,,,00.000000301000,  53.60000,
,,,00.000000302000,  53.60000,
,,,00.000000303000,  53.60000,
,,,00.000000304000,  53.60000,
,,,00.000000305000,  53.60000,
,,,00.000000306000,  53.60000,
,,,00.000000307000,  53.60000,
,,,00.000000308000,  53.60000,
,,,00.000000309000,  53.60000,
,,,00.000000310000,  53.60000,
,,,00.000000311000,  53.60000,
,,,00.000000312000,  53.60000,
,,,00.000000313000,  53.60000,
,,,00.000000314000,  53.60000,
,,,00.000000315000,  53.60000,
,,,00.000000316000,  53.60000,
,,,00.000000317000,  53.60000,
,,,00.000000318000,  53.60000,
,,,00.000000319000,  53.60000,
,,,00.000000320000,  53.60000,
,,,00.000000321000,  53.60000,
,,,00.000000322000,  53.60000,
,,,00.000000323000,  53.60000,
,,,00.000000324000,  53.60000,
,,,00.000000325000,  53.60000,
,,,00.000000326000,  54.00000,
,,,00.000000327000,  53.60000,
,,,00.000000328000,  53.60000,
,,,00.000000329000,  53.60000,
,,,00.000000330000,  54.00000,
,,,00.000000331000,  54.00000,
,,,00.000000332000,  54.00000,
,,,00.000000333000,  54.00000,
,,,00.000000334000,  54.00000,
,,,00.000000335000,  53.60000,
,,,00.000000336000,  54.00000,
,,,00.000000337000,  54.00000,
,,,00.000000338000,  54.00000,
,,,00.000000339000,  54.00000,
,,,00.000000340000,  54.00000,
,,,00.000000341000,  54.00000,
,,,00.000000342000,  54.00000,
,,,00.000000343000,  54.00000,
,,,00.000000344000,  54.00000,
,,,00.000000345000,  54.00000,
,,,00.000000346000,  54.00000,
,,,00.000000347000,  54.00000,
,,,00.000000348000,  54.00000,
,,,00.000000349000,  54.00000,
,,,00.000000350000,  54.00000,
,,,00.000000351000,  54.00000,
,,,00.000000352000,  54.00000,
,,,00.000000353000,  54.00000,
,,,00.000000354000,  54.00000,
,,,00.000000355000,  54.00000,
,,,00.000000356000,  54.00000,
,,,00.000000357000,  54.00000,
,,,00.000000358000,  54.00000,
,,,00.000000359000,  54.00000,
,,,00.000000360000,  54.00000,
,,,00.000000361000,  54.00000,
,,,00.000000362000,  54.00000,
,,,00.000000363000,  54.00000,
,,,00.000000364000,  54.00000,
,,,00.000000365000,  54.00000,
,,,00.000000366000,  54.00000,
,,,00.000000367000,  54.00000,
,,,00.000000368000,  54.00000,
,,,00.000000369000,  54.00000,
,,,00.000000370000,  54.00000,
,,,00.000000371000,  54.00000,
,,,00.000000372000,  54.00000,
,,,00.000000373000,  54.00000,
,,,00.000000374000,  54.00000,
,,,00.000000375000,  54.00000,
,,,00.000000376000,  54.00000,
,,,00.000000377000,  54.00000,
,,,00.000000378000,  54.00000,
,,,00.000000379000,  54.00000,
,,,00.000000380000,  54.00000,
,,,00.000000381000,  54.00000,
,,,00.000000382000,  54.00000,
,,,00.000000383000,  54.00000,
,,,00.000000384000,  54.00000,
,,,00.000000385000,  54.00000,
,,,00.000000386000,  54.00000,
,,,00.000000387000,  54.00000,
,,,00.000000388000,  54.00000,
,,,00.000000389000,  54.00000,
,,,00.000000390000,  54.00000,
,,,00.000000391000,  54.00000,
,,,00.000000392000,  54.00000,
,,,00.000000393000,  54.00000,
,,,00.000000394000,  54.00000,
,,,00.000000395000,  54.00000,
,,,00.000000396000,  54.00000,
,,,00.000000397000,  54.00000,
,,,00.000000398000,  54.00000,
,,,00.000000399000,  54.00000,
,,,00.000000400000,  54.00000,
,,,00.000000401000,  54.00000,
,,,00.000000402000,  54.00000,
,,,00.000000403000,  54.00000,
,,,00.000000404000,  54.00000,
,,,00.000000405000,  54.00000,
,,,00.000000406000,  54.00000,
,,,00.000000407000,  54.00000,
,,,00.000000408000,  54.00000,
,,,00.000000409000,  54.00000,
,,,00.000000410000,  54.00000,
,,,00.000000411000,  54.00000,
,,,00.000000412000,  54.00000,
,,,00.000000413000,  54.00000,
,,,00.000000414000,  54.00000,
,,,00.000000415000,  54.00000,
,,,00.000000416000,  54.00000,
,,,00.000000417000,  54.00000,
,,,00.000000418000,  54.00000,
,,,00.000000419000,  54.00000,
,,,00.000000420000,  54.00000,
,,,00.000000421000,  54.00000,
,,,00.000000422000,  54.00000,
,,,00.000000423000,  54.00000,
,,,00.000000424000,  54.00000,
,,,00.000000425000,  54.00000,
,,,00.000000426000,  54.00000,
,,,00.000000427000,  54.00000,
,,,00.000000428000,  54.00000,
,,,00.000000429000,  54.00000,
,,,00.000000430000,  54.00000,
,,,00.000000431000,  54.00000,
,,,00.000000432000,  54.00000,
,,,00.000000433000,  54.00000,
,,,00.000000434000,  54.00000,
,,,00.000000435000,  54.00000,
,,,00.000000436000,  54.00000,
,,,00.000000437000,  54.00000,
,,,00.000000438000,  54.00000,
,,,00.000000439000,  54.00000,
,,,00.000000440000,  54.00000,
,,,00.000000441000,  54.00000,
,,,00.000000442000,  54.00000,
,,,00.000000443000,  54.00000,
,,,00.000000444000,  54.00000,
,,,00.000000445000,  54.00000,
,,,00.000000446000,  54.00000,
,,,00.000000447000,  54.00000,
,,,00.000000448000,  54.00000,
,,,00.000000449000,  54.00000,
,,,00.000000450000,  54.00000,
,,,00.000000451000,  54.00000,
,,,00.000000452000,  54.00000,
,,,00.000000453000,  54.00000,
,,,00.000000454000,  54.00000,
,,,00.000000455000,  54.00000,
,,,00.000000456000,  54.00000,
,,,00.000000457000,  54.00000,
,,,00.000000458000,  54.00000,
,,,00.000000459000,  54.00000,
,,,00.000000460000,  54.00000,
,,,00.000000461000,  54.00000,
,,,00.000000462000,  54.00000,
,,,00.000000463000,  54.40000,
,,,00.000000464000,  54.40000,
,,,00.000000465000,  54.40000,
,,,00.000000466000,  54.40000,
,,,00.000000467000,  54.00000,
,,,00.000000468000,  54.40000,
,,,00.000000469000,  54.40000,
,,,00.000000470000,  54.40000,
,,,00.000000471000,  54.40000,
,,,00.000000472000,  54.40000,
,,,00.000000473000,  54.40000,
,,,00.000000474000,  54.40000,
,,,00.000000475000,  54.40000,
,,,00.000000476000,  54.40000,
,,,00.000000477000,  54.40000,
,,,00.000000478000,  54.40000,
,,,00.000000479000,  54.40000,
,,,00.000000480000,  54.40000,
,,,00.000000481000,  54.40000,
,,,00.000000482000,  54.40000,
,,,00.000000483000,  54.40000,
,,,00.000000484000,  54.40000,
,,,00.000000485000,  54.40000,
,,,00.000000486000,  54.40000,
,,,00.000000487000,  54.40000,
,,,00.000000488000,  54.40000,
,,,00.000000489000,  54.40000,
,,,00.000000490000,  54.40000,
,,,00.000000491000,  54.40000,
,,,00.000000492000,  54.40000,
,,,00.000000493000,  54.40000,
,,,00.000000494000,  54.40000,
,,,00.000000495000,  54.40000,
,,,00.000000496000,  54.40000,
,,,00.000000497000,  54.40000,
,,,00.000000498000,  54.40000,
,,,00.000000499000,  54.40000,
,,,00.000000500000,  54.40000,
,,,00.000000501000,  54.40000,
,,,00.000000502000,  54.40000,
,,,00.000000503000,  54.40000,
,,,00.000000504000,  54.40000,
,,,00.000000505000,  54.40000,
,,,00.000000506000,  54.40000,
,,,00.000000507000,  54.40000,
,,,00.000000508000,  54.40000,
,,,00.000000509000,  54.40000,
,,,00.000000510000,  54.40000,
,,,00.000000511000,  54.40000,
,,,00.000000512000,  54.40000,
,,,00.000000513000,  54.40000,
,,,00.000000514000,  54.40000,
,,,00.000000515000,  54.40000,
,,,00.000000516000,  54.40000,
,,,00.000000517000,  54.40000,
,,,00.000000518000,  54.40000,
,,,00.000000519000,  54.40000,
,,,00.000000520000,  54.40000,
,,,00.000000521000,  54.40000,
,,,00.000000522000,  54.40000,
,,,00.000000523000,  54.40000,
,,,00.000000524000,  54.40000,
,,,00.000000525000,  54.40000,
,,,00.000000526000,  54.40000,
,,,00.000000527000,  54.40000,
,,,00.000000528000,  54.40000,
,,,00.000000529000,  54.40000,
,,,00.000000530000,  54.40000,
,,,00.000000531000,  54.40000,
,,,00.000000532000,  54.40000,
,,,00.000000533000,  54.40000,
,,,00.000000534000,  54.40000,
,,,00.000000535000,  54.40000,
,,,00.000000536000,  54.40000,
,,,00.000000537000,  54.40000,
,,,00.000000538000,  54.40000,
,,,00.000000539000,  54.40000,
,,,00.000000540000,  54.40000,
,,,00.000000541000,  54.40000,
,,,00.000000542000,  54.40000,
,,,00.000000543000,  54.40000,
,,,00.000000544000,  54.40000,
,,,00.000000545000,  54.40000,
,,,00.000000546000,  54.40000,
,,,00.000000547000,  54.40000,
,,,00.000000548000,  54.40000,
,,,00.000000549000,  54.40000,
,,,00.000000550000,  54.40000,
,,,00.000000551000,  54.40000,
,,,00.000000552000,  54.40000,
,,,00.000000553000,  54.40000,
,,,00.000000554000,  54.40000,
,,,00.000000555000,  54.40000,
,,,00.000000556000,  54.40000,
,,,00.000000557000,  54.40000,
,,,00.000000558000,  54.40000,
,,,00.000000559000,  54.40000,
,,,00.000000560000,  54.40000,
,,,00.000000561000,  54.40000,
,,,00.000000562000,  54.40000,
,,,00.000000563000,  54.40000,
,,,00.000000564000,  54.40000,
,,,00.000000565000,  54.40000,
,,,00.000000566000,  54.40000,
,,,00.000000567000,  54.40000,
,,,00.000000568000,  54.40000,
,,,00.000000569000,  54.40000,
,,,00.000000570000,  54.40000,
,,,00.000000571000,  54.40000,
,,,00.000000572000,  54.40000,
,,,00.000000573000,  54.40000,
,,,00.000000574000,  54.40000,
,,,00.000000575000,  54.40000,
,,,00.000000576000,  54.40000,
,,,00.000000577000,  54.40000,
,,,00.000000578000,  54.40000,
,,,00.000000579000,  54.40000,
,,,00.000000580000,  54.40000,
,,,00.000000581000,  54.40000,
,,,00.000000582000,  54.40000,
,,,00.000000583000,  54.40000,
,,,00.000000584000,  54.40000,
,,,00.000000585000,  54.40000,
,,,00.000000586000,  54.40000,
,,,00.000000587000,  54.40000,
,,,00.000000588000,  54.40000,
,,,00.000000589000,  54.40000,
,,,00.000000590000,  54.40000,
,,,00.000000591000,  54.40000,
,,,00.000000592000,  54.40000,
,,,00.000000593000,  54.40000,
,,,00.000000594000,  54.40000,
,,,00.000000595000,  54.40000,
,,,00.000000596000,  54.40000,
,,,00.000000597000,  54.80000,
,,,00.000000598000,  54.40000,
,,,00.000000599000,  54.40000,
,,,00.000000600000,  54.40000,
,,,00.000000601000,  54.40000,
,,,00.000000602000,  54.80000,
,,,00.000000603000,  54.80000,
,,,00.000000604000,  54.40000,
,,,00.000000605000,  54.80000,
,,,00.000000606000,  54.80000,
,,,00.000000607000,  54.80000,
,,,00.000000608000,  54.40000,
,,,00.000000609000,  54.80000,
,,,00.000000610000,  54.80000,
,,,00.000000611000,  54.80000,
,,,00.000000612000,  54.80000,
,,,00.000000613000,  54.80000,
,,,00.000000614000,  54.80000,
,,,00.000000615000,  54.40000,
,,,00.000000616000,  54.80000,
,,,00.000000617000,  54.80000,
,,,00.000000618000,  54.80000,
,,,00.000000619000,  54.80000,
,,,00.000000620000,  54.80000,
,,,00.000000621000,  54.80000,
,,,00.000000622000,  54.80000,
,,,00.000000623000,  54.80000,
,,,00.000000624000,  54.80000,
,,,00.000000625000,  54.80000,
,,,00.000000626000,  54.80000,
,,,00.000000627000,  54.80000,
,,,00.000000628000,  54.80000,
,,,00.000000629000,  54.80000,
,,,00.000000630000,  54.80000,
,,,00.000000631000,  54.80000,
,,,00.000000632000,  54.80000,
,,,00.000000633000,  54.80000,
,,,00.000000634000,  54.80000,
,,,00.000000635000,  54.80000,
,,,00.000000636000,  54.80000,
,,,00.000000637000,  54.80000,
,,,00.000000638000,  54.80000,
,,,00.000000639000,  54.80000,
,,,00.000000640000,  54.80000,
,,,00.000000641000,  54.80000,
,,,00.000000642000,  54.80000,
,,,00.000000643000,  54.80000,
,,,00.000000644000,  54.80000,
,,,00.000000645000,  54.80000,
,,,00.000000646000,  54.80000,
,,,00.000000647000,  54.80000,
,,,00.000000648000,  54.80000,
,,,00.000000649000,  54.80000,
,,,00.000000650000,  54.80000,
,,,00.000000651000,  54.80000,
,,,00.000000652000,  54.80000,
,,,00.000000653000,  54.80000,
,,,00.000000654000,  54.80000,
,,,00.000000655000,  54.80000,
,,,00.000000656000,  54.80000,
,,,00.000000657000,  54.80000,
,,,00.000000658000,  54.80000,
,,,00.000000659000,  54.80000,
,,,00.000000660000,  54.80000,
,,,00.000000661000,  54.80000,
,,,00.000000662000,  54.80000,
,,,00.000000663000,  54.80000,
,,,00.000000664000,  54.80000,
,,,00.000000665000,  54.80000,
,,,00.000000666000,  54.80000,
,,,00.000000667000,  54.80000,
,,,00.000000668000,  54.80000,
,,,00.000000669000,  54.80000,
,,,00.000000670000,  54.80000,
,,,00.000000671000,  54.80000,
,,,00.000000672000,  54.80000,
,,,00.000000673000,  54.80000,
,,,00.000000674000,  54.80000,
,,,00.000000675000,  54.80000,
,,,00.000000676000,  54.80000,
,,,00.000000677000,  54.80000,
,,,00.000000678000,  54.80000,
,,,00.000000679000,  54.80000,
,,,00.000000680000,  54.80000,
,,,00.000000681000,  54.80000,
,,,00.000000682000,  54.80000,
,,,00.000000683000,  54.80000,
,,,00.000000684000,  54.80000,
,,,00.000000685000,  54.80000,
,,,00.000000686000,  54.80000,
,,,00.000000687000,  54.80000,
,,,00.000000688000,  54.80000,
,,,00.000000689000,  54.80000,
,,,00.000000690000,  54.80000,
,,,00.000000691000,  54.80000,
,,,00.000000692000,  54.80000,
,,,00.000000693000,  54.80000,
,,,00.000000694000,  54.80000,
,,,00.000000695000,  54.80000,
,,,00.000000696000,  54.80000,
,,,00.000000697000,  54.80000,
,,,00.000000698000,  54.80000,
,,,00.000000699000,  54.80000,
,,,00.000000700000,  54.80000,
,,,00.000000701000,  54.80000,
,,,00.000000702000,  54.80000,
,,,00.000000703000,  54.80000,
,,,00.000000704000,  54.80000,
,,,00.000000705000,  54.80000,
,,,00.000000706000,  54.80000,
,,,00.000000707000,  54.80000,
,,,00.000000708000,  54.80000,
,,,00.000000709000,  54.80000,
,,,00.000000710000,  54.80000,
,,,00.000000711000,  54.80000,
,,,00.000000712000,  54.80000,
,,,00.000000713000,  54.80000,
,,,00.000000714000,  54.80000,
,,,00.000000715000,  54.80000,
,,,00.000000716000,  54.80000,
,,,00.000000717000,  54.80000,
,,,00.000000718000,  54.80000,
,,,00.000000719000,  54.80000,
,,,00.000000720000,  54.80000,
,,,00.000000721000,  54.80000,
,,,00.000000722000,  54.80000,
,,,00.000000723000,  54.80000,
,,,00.000000724000,  54.80000,
,,,00.000000725000,  54.80000,
,,,00.000000726000,  54.80000,
,,,00.000000727000,  54.80000,
,,,00.000000728000,  54.80000,
,,,00.000000729000,  54.80000,
,,,00.000000730000,  54.80000,
,,,00.000000731000,  54.80000,
,,,00.000000732000,  54.80000,
,,,00.000000733000,  54.80000,
,,,00.000000734000,  54.80000,
,,,00.000000735000,  54.80000,
,,,00.000000736000,  54.80000,
,,,00.000000737000,  54.80000,
,,,00.000000738000,  54.80000,
,,,00.000000739000,  54.80000,
,,,00.000000740000,  54.80000,
,,,00.000000741000,  54.80000,
,,,00.000000742000,  54.80000,
,,,00.000000743000,  54.80000,
,,,00.000000744000,  55.20000,
,,,00.000000745000,  55.20000,
,,,00.000000746000,  55.20000,
,,,00.000000747000,  55.20000,
,,,00.000000748000,  55.20000,
,,,00.000000749000,  55.20000,
,,,00.000000750000,  55.20000,
,,,00.000000751000,  55.20000,
,,,00.000000752000,  55.20000,
,,,00.000000753000,  55.20000,
,,,00.000000754000,  55.20000,
,,,00.000000755000,  55.20000,
,,,00.000000756000,  55.20000,
,,,00.000000757000,  55.20000,
,,,00.000000758000,  55.20000,
,,,00.000000759000,  55.20000,
,,,00.000000760000,  55.20000,
,,,00.000000761000,  55.20000,
,,,00.000000762000,  55.20000,
,,,00.000000763000,  55.20000,
,,,00.000000764000,  55.20000,
,,,00.000000765000,  55.20000,
,,,00.000000766000,  55.20000,
,,,00.000000767000,  55.20000,
,,,00.000000768000,  55.20000,
,,,00.000000769000,  55.20000,
,,,00.000000770000,  55.20000,
,,,00.000000771000,  55.20000,
,,,00.000000772000,  55.20000,
,,,00.000000773000,  55.20000,
,,,00.000000774000,  55.20000,
,,,00.000000775000,  55.20000,
,,,00.000000776000,  55.20000,
,,,00.000000777000,  55.20000,
,,,00.000000778000,  55.20000,
,,,00.000000779000,  55.20000,
,,,00.000000780000,  55.20000,
,,,00.000000781000,  55.20000,
,,,00.000000782000,  55.20000,
,,,00.000000783000,  55.20000,
,,,00.000000784000,  55.20000,
,,,00.000000785000,  55.20000,
,,,00.000000786000,  55.20000,
,,,00.000000787000,  55.20000,
,,,00.000000788000,  55.20000,
,,,00.000000789000,  55.20000,
,,,00.000000790000,  55.20000,
,,,00.000000791000,  55.20000,
,,,00.000000792000,  55.20000,
,,,00.000000793000,  55.20000,
,,,00.000000794000,  55.20000,
,,,00.000000795000,  55.20000,
,,,00.000000796000,  55.20000,
,,,00.000000797000,  55.20000,
,,,00.000000798000,  55.20000,
,,,00.000000799000,  55.20000,
,,,00.000000800000,  55.20000,
,,,00.000000801000,  55.20000,
,,,00.000000802000,  55.20000,
,,,00.000000803000,  55.20000,
,,,00.000000804000,  55.20000,
,,,00.000000805000,  55.20000,
,,,00.000000806000,  55.20000,
,,,00.000000807000,  55.20000,
,,,00.000000808000,  55.20000,
,,,00.000000809000,  55.20000,
,,,00.000000810000,  55.20000,
,,,00.000000811000,  55.20000,
,,,00.000000812000,  55.20000,
,,,00.000000813000,  55.20000,
,,,00.000000814000,  55.20000,
,,,00.000000815000,  55.20000,
,,,00.000000816000,  55.20000,
,,,00.000000817000,  55.20000,
,,,00.000000818000,  55.20000,
,,,00.000000819000,  55.20000,
,,,00.000000820000,  55.20000,
,,,00.000000821000,  55.20000,
,,,00.000000822000,  55.20000,
,,,00.000000823000,  55.20000,
,,,00.000000824000,  55.20000,
,,,00.000000825000,  55.20000,
,,,00.000000826000,  55.20000,
,,,00.000000827000,  55.20000,
,,,00.000000828000,  55.20000,
,,,00.000000829000,  55.20000,
,,,00.000000830000,  54.80000,
,,,00.000000831000,  54.80000,
,,,00.000000832000,  54.80000,
,,,00.000000833000,  54.80000,
,,,00.000000834000,  54.80000,
,,,00.000000835000,  54.80000,
,,,00.000000836000,  54.80000,
,,,00.000000837000,  54.40000,
,,,00.000000838000,  54.40000,
,,,00.000000839000,  54.40000,
,,,00.000000840000,  54.00000,
,,,00.000000841000,  54.00000,
,,,00.000000842000,  54.00000,
,,,00.000000843000,  53.60000,
,,,00.000000844000,  53.60000,
,,,00.000000845000,  53.20000,
,,,00.000000846000,  52.80000,
,,,00.000000847000,  52.80000,
,,,00.000000848000,  52.40000,
,,,00.000000849000,  52.00000,
,,,00.000000850000,  51.60000,
,,,00.000000851000,  51.60000,
,,,00.000000852000,  51.20000,
,,,00.000000853000,  50.80000,
,,,00.000000854000,  50.40000,
,,,00.000000855000,  50.00000,
,,,00.000000856000,  49.60000,
,,,00.000000857000,  49.20000,
,,,00.000000858000,  48.80000,
,,,00.000000859000,  48.00000,
,,,00.000000860000,  47.60000,
,,,00.000000861000,  47.20000,
,,,00.000000862000,  46.80000,
,,,00.000000863000,  46.00000,
,,,00.000000864000,  45.60000,
,,,00.000000865000,  45.20000,
,,,00.000000866000,  44.40000,
,,,00.000000867000,  44.00000,
,,,00.000000868000,  43.20000,
,,,00.000000869000,  42.80000,
,,,00.000000870000,  42.00000,
,,,00.000000871000,  41.60000,
,,,00.000000872000,  40.80000,
,,,00.000000873000,  40.40000,
,,,00.000000874000,  39.60000,
,,,00.000000875000,  38.80000,
,,,00.000000876000,  38.40000,
,,,00.000000877000,  37.60000,
,,,00.000000878000,  36.80000,
,,,00.000000879000,  36.40000,
,,,00.000000880000,  35.60000,
,,,00.000000881000,  35.20000,
,,,00.000000882000,  34.40000,
,,,00.000000883000,  33.60000,
,,,00.000000884000,  33.20000,
,,,00.000000885000,  32.40000,
,,,00.000000886000,  32.00000,
,,,00.000000887000,  31.20000,
,,,00.000000888000,  30.80000,
,,,00.000000889000,  30.00000,
,,,00.000000890000,  29.60000,
,,,00.000000891000,  28.80000,
,,,00.000000892000,  28.40000,
,,,00.000000893000,  28.00000,
,,,00.000000894000,  27.60000,
,,,00.000000895000,  27.20000,
,,,00.000000896000,  26.40000,
,,,00.000000897000,  26.00000,
,,,00.000000898000,  25.60000,
,,,00.000000899000,  25.20000,
,,,00.000000900000,  24.80000,
,,,00.000000901000,  24.80000,
,,,00.000000902000,  24.40000,
,,,00.000000903000,  24.00000,
,,,00.000000904000,  23.60000,
,,,00.000000905000,  23.20000,
,,,00.000000906000,  23.20000,
,,,00.000000907000,  22.80000,
,,,00.000000908000,  22.40000,
,,,00.000000909000,  22.40000,
,,,00.000000910000,  22.00000,
,,,00.000000911000,  22.00000,
,,,00.000000912000,  21.60000,
,,,00.000000913000,  21.60000,
,,,00.000000914000,  21.20000,
,,,00.000000915000,  21.20000,
,,,00.000000916000,  20.80000,
,,,00.000000917000,  20.80000,
,,,00.000000918000,  20.40000,
,,,00.000000919000,  20.40000,
,,,00.000000920000,  20.00000,
,,,00.000000921000,  20.00000,
,,,00.000000922000,  20.00000,
,,,00.000000923000,  19.60000,
,,,00.000000924000,  19.60000,
,,,00.000000925000,  19.60000,
,,,00.000000926000,  19.20000,
,,,00.000000927000,  19.20000,
,,,00.000000928000,  19.20000,
,,,00.000000929000,  18.80000,
,,,00.000000930000,  18.80000,
,,,00.000000931000,  18.40000,
,,,00.000000932000,  18.40000,
,,,00.000000933000,  18.40000,
,,,00.000000934000,  18.00000,
,,,00.000000935000,  18.00000,
,,,00.000000936000,  18.00000,
,,,00.000000937000,  17.60000,
,,,00.000000938000,  17.60000,
,,,00.000000939000,  17.60000,
,,,00.000000940000,  17.20000,
,,,00.000000941000,  17.20000,
,,,00.000000942000,  17.20000,
,,,00.000000943000,  16.80000,
,,,00.000000944000,  16.80000,
,,,00.000000945000,  16.80000,
,,,00.000000946000,  16.40000,
,,,00.000000947000,  16.40000,
,,,00.000000948000,  16.40000,
,,,00.000000949000,  16.00000,
,,,00.000000950000,  16.00000,
,,,00.000000951000,  15.60000,
,,,00.000000952000,  15.60000,
,,,00.000000953000,  15.60000,
,,,00.000000954000,  15.60000,
,,,00.000000955000,  15.20000,
,,,00.000000956000,  15.20000,
,,,00.000000957000,  15.20000,
,,,00.000000958000,  14.80000,
,,,00.000000959000,  14.80000,
,,,00.000000960000,  14.80000,
,,,00.000000961000,  14.80000,
,,,00.000000962000,  14.40000,
,,,00.000000963000,  14.40000,
,,,00.000000964000,  14.40000,
,,,00.000000965000,  14.40000,
,,,00.000000966000,  14.00000,
,,,00.000000967000,  14.00000,
,,,00.000000968000,  14.00000,
,,,00.000000969000,  13.60000,
,,,00.000000970000,  13.60000,
,,,00.000000971000,  13.60000,
,,,00.000000972000,  13.60000,
,,,00.000000973000,  13.60000,
,,,00.000000974000,  13.20000,
,,,00.000000975000,  13.20000,
,,,00.000000976000,  13.20000,
,,,00.000000977000,  13.20000,
,,,00.000000978000,  13.20000,
,,,00.000000979000,  13.20000,
,,,00.000000980000,  12.80000,
,,,00.000000981000,  12.80000,
,,,00.000000982000,  12.80000,
,,,00.000000983000,  12.80000,
,,,00.000000984000,  12.40000,
,,,00.000000985000,  12.40000,
,,,00.000000986000,  12.40000,
,,,00.000000987000,  12.40000,
,,,00.000000988000,  12.40000,
,,,00.000000989000,  12.40000,
,,,00.000000990000,  12.40000,
,,,00.000000991000,  12.00000,
,,,00.000000992000,  12.00000,
,,,00.000000993000,  12.00000,
,,,00.000000994000,  12.00000,
,,,00.000000995000,  12.00000,
,,,00.000000996000,  12.00000,
,,,00.000000997000,  12.00000,
,,,00.000000998000,  11.60000,
,,,00.000000999000,  11.60000,
,,,00.000001000000,  11.60000,
,,,00.000001001000,  11.60000,
,,,00.000001002000,  11.60000,
,,,00.000001003000,  11.60000,
,,,00.000001004000,  11.60000,
,,,00.000001005000,  11.20000,
,,,00.000001006000,  11.20000,
,,,00.000001007000,  11.20000,
,,,00.000001008000,  11.20000,
,,,00.000001009000,  11.20000,
,,,00.000001010000,  11.20000,
,,,00.000001011000,  11.20000,
,,,00.000001012000,  11.20000,
,,,00.000001013000,  10.80000,
,,,00.000001014000,  10.80000,
,,,00.000001015000,  10.80000,
,,,00.000001016000,  10.80000,
,,,00.000001017000,  10.80000,
,,,00.000001018000,  10.80000,
,,,00.000001019000,  10.80000,
,,,00.000001020000,  10.80000,
,,,00.000001021000,  10.80000,
,,,00.000001022000,  10.40000,
,,,00.000001023000,  10.40000,
,,,00.000001024000,  10.40000,
,,,00.000001025000,  10.40000,
,,,00.000001026000,  10.40000,
,,,00.000001027000,  10.40000,
,,,00.000001028000,  10.40000,
,,,00.000001029000,  10.40000,
,,,00.000001030000,  10.40000,
,,,00.000001031000,  10.00000,
,,,00.000001032000,  10.00000,
,,,00.000001033000,  10.00000,
,,,00.000001034000,  10.00000,
,,,00.000001035000,  10.00000,
,,,00.000001036000,  10.00000,
,,,00.000001037000,  10.00000,
,,,00.000001038000,  10.00000,
,,,00.000001039000,  10.00000,
,,,00.000001040000,  10.00000,
,,,00.000001041000,  10.00000,
,,,00.000001042000,   9.60000,
,,,00.000001043000,   9.60000,
,,,00.000001044000,   9.60000,
,,,00.000001045000,   9.60000,
,,,00.000001046000,   9.60000,
,,,00.000001047000,   9.60000,
,,,00.000001048000,   9.60000,
,,,00.000001049000,   9.60000,
,,,00.000001050000,   9.60000,
,,,00.000001051000,   9.60000,
,,,00.000001052000,   9.60000,
,,,00.000001053000,   9.60000,
,,,00.000001054000,   9.60000,
,,,00.000001055000,   9.20000,
,,,00.000001056000,   9.20000,
,,,00.000001057000,   9.20000,
,,,00.000001058000,   9.20000,
,,,00.000001059000,   9.20000,
,,,00.000001060000,   9.20000,
,,,00.000001061000,   9.20000,
,,,00.000001062000,   9.20000,
,,,00.000001063000,   9.20000,
,,,00.000001064000,   9.20000,
,,,00.000001065000,   9.20000,
,,,00.000001066000,   9.20000,
,,,00.000001067000,   9.20000,
,,,00.000001068000,   8.80000,
,,,00.000001069000,   8.80000,
,,,00.000001070000,   8.80000,
,,,00.000001071000,   8.80000,
,,,00.000001072000,   8.80000,
,,,00.000001073000,   8.80000,
,,,00.000001074000,   8.80000,
,,,00.000001075000,   8.80000,
,,,00.000001076000,   8.80000,
,,,00.000001077000,   8.80000,
,,,00.000001078000,   8.80000,
,,,00.000001079000,   8.80000,
,,,00.000001080000,   8.80000,
,,,00.000001081000,   8.80000,
,,,00.000001082000,   8.80000,
,,,00.000001083000,   8.80000,
,,,00.000001084000,   8.40000,
,,,00.000001085000,   8.40000,
,,,00.000001086000,   8.40000,
,,,00.000001087000,   8.40000,
,,,00.000001088000,   8.40000,
,,,00.000001089000,   8.40000,
,,,00.000001090000,   8.40000,
,,,00.000001091000,   8.40000,
,,,00.000001092000,   8.40000,
,,,00.000001093000,   8.40000,
,,,00.000001094000,   8.40000,
,,,00.000001095000,   8.40000,
,,,00.000001096000,   8.40000,
,,,00.000001097000,   8.40000,
,,,00.000001098000,   8.40000,
,,,00.000001099000,   8.40000,
,,,00.000001100000,   8.40000,
,,,00.000001101000,   8.40000,
,,,00.000001102000,   8.40000,
,,,00.000001103000,   8.40000,
,,,00.000001104000,   8.00000,
,,,00.000001105000,   8.00000,
,,,00.000001106000,   8.00000,
,,,00.000001107000,   8.00000,
,,,00.000001108000,   8.00000,
,,,00.000001109000,   8.00000,
,,,00.000001110000,   8.00000,
,,,00.000001111000,   8.00000,
,,,00.000001112000,   8.00000,
,,,00.000001113000,   8.00000,
,,,00.000001114000,   8.00000,
,,,00.000001115000,   8.00000,
,,,00.000001116000,   8.00000,
,,,00.000001117000,   8.00000,
,,,00.000001118000,   8.00000,
,,,00.000001119000,   8.00000,
,,,00.000001120000,   8.00000,
,,,00.000001121000,   8.00000,
,,,00.000001122000,   8.00000,
,,,00.000001123000,   8.00000,
,,,00.000001124000,   7.60000,
,,,00.000001125000,   7.60000,
,,,00.000001126000,   7.60000,
,,,00.000001127000,   7.60000,
,,,00.000001128000,   7.60000,
,,,00.000001129000,   7.60000,
,,,00.000001130000,   7.60000,
,,,00.000001131000,   7.60000,
,,,00.000001132000,   7.60000,
,,,00.000001133000,   7.60000,
,,,00.000001134000,   7.60000,
,,,00.000001135000,   7.60000,
,,,00.000001136000,   7.60000,
,,,00.000001137000,   7.60000,
,,,00.000001138000,   7.60000,
,,,00.000001139000,   7.60000,
,,,00.000001140000,   7.60000,
,,,00.000001141000,   7.60000,
,,,00.000001142000,   7.60000,
,,,00.000001143000,   7.60000,
,,,00.000001144000,   7.60000,
,,,00.000001145000,   7.60000,
,,,00.000001146000,   7.60000,
,,,00.000001147000,   7.60000,
,,,00.000001148000,   7.60000,
,,,00.000001149000,   7.60000,
,,,00.000001150000,   7.60000,
,,,00.000001151000,   7.60000,
,,,00.000001152000,   7.60000,
,,,00.000001153000,   7.60000,
,,,00.000001154000,   7.60000,
,,,00.000001155000,   7.60000,
,,,00.000001156000,   7.20000,
,,,00.000001157000,   7.20000,
,,,00.000001158000,   7.20000,
,,,00.000001159000,   7.20000,
,,,00.000001160000,   7.20000,
,,,00.000001161000,   7.20000,
,,,00.000001162000,   7.20000,
,,,00.000001163000,   7.20000,
,,,00.000001164000,   7.20000,
,,,00.000001165000,   7.20000,
,,,00.000001166000,   7.20000,
,,,00.000001167000,   7.20000,
,,,00.000001168000,   7.20000,
,,,00.000001169000,   7.20000,
,,,00.000001170000,   7.20000,
,,,00.000001171000,   7.20000,
,,,00.000001172000,   7.20000,
,,,00.000001173000,   7.20000,
,,,00.000001174000,   7.20000,
,,,00.000001175000,   7.20000,
,,,00.000001176000,   7.20000,
,,,00.000001177000,   7.20000,
,,,00.000001178000,   7.20000,
,,,00.000001179000,   7.20000,
,,,00.000001180000,   7.20000,
,,,00.000001181000,   7.20000,
,,,00.000001182000,   7.20000,
,,,00.000001183000,   7.20000,
,,,00.000001184000,   7.20000,
,,,00.000001185000,   7.20000,
,,,00.000001186000,   7.20000,
,,,00.000001187000,   7.20000,
,,,00.000001188000,   7.20000,
,,,00.000001189000,   7.20000,
,,,00.000001190000,   6.80000,
,,,00.000001191000,   6.80000,
,,,00.000001192000,   6.80000,
,,,00.000001193000,   6.80000,
,,,00.000001194000,   6.80000,
,,,00.000001195000,   6.80000,
,,,00.000001196000,   6.80000,
,,,00.000001197000,   6.80000,
,,,00.000001198000,   6.80000,
,,,00.000001199000,   6.80000,
,,,00.000001200000,   6.80000,
,,,00.000001201000,   6.80000,
,,,00.000001202000,   6.80000,
,,,00.000001203000,   6.80000,
,,,00.000001204000,   6.80000,
,,,00.000001205000,   6.80000,
,,,00.000001206000,   6.80000,
,,,00.000001207000,   6.80000,
,,,00.000001208000,   6.80000,
,,,00.000001209000,   6.80000,
,,,00.000001210000,   6.80000,
,,,00.000001211000,   6.80000,
,,,00.000001212000,   6.80000,
,,,00.000001213000,   6.80000,
,,,00.000001214000,   6.80000,
,,,00.000001215000,   6.80000,
,,,00.000001216000,   6.80000,
,,,00.000001217000,   6.80000,
,,,00.000001218000,   6.80000,
,,,00.000001219000,   6.80000,
,,,00.000001220000,   6.80000,
,,,00.000001221000,   6.80000,
,,,00.000001222000,   6.80000,
,,,00.000001223000,   6.80000,
,,,00.000001224000,   6.80000,
,,,00.000001225000,   6.80000,
,,,00.000001226000,   6.80000,
,,,00.000001227000,   6.80000,
,,,00.000001228000,   6.80000,
,,,00.000001229000,   6.80000,
,,,00.000001230000,   6.80000,
,,,00.000001231000,   6.80000,
,,,00.000001232000,   6.80000,
,,,00.000001233000,   6.80000,
,,,00.000001234000,   6.80000,
,,,00.000001235000,   6.80000,
,,,00.000001236000,   6.80000,
,,,00.000001237000,   6.80000,
,,,00.000001238000,   6.80000,
,,,00.000001239000,   6.80000,
,,,00.000001240000,   6.80000,
,,,00.000001241000,   6.80000,
,,,00.000001242000,   6.80000,
,,,00.000001243000,   6.80000,
,,,00.000001244000,   6.40000,
,,,00.000001245000,   6.40000,
,,,00.000001246000,   6.40000,
,,,00.000001247000,   6.40000,
,,,00.000001248000,   6.40000,
,,,00.000001249000,   6.40000,
,,,00.000001250000,   6.40000,
,,,00.000001251000,   6.40000,
,,,00.000001252000,   6.40000,
,,,00.000001253000,   6.40000,
,,,00.000001254000,   6.40000,
,,,00.000001255000,   6.40000,
,,,00.000001256000,   6.40000,
,,,00.000001257000,   6.40000,
,,,00.000001258000,   6.40000,
,,,00.000001259000,   6.40000,
,,,00.000001260000,   6.40000,
,,,00.000001261000,   6.40000,
,,,00.000001262000,   6.40000,
,,,00.000001263000,   6.40000,
,,,00.000001264000,   6.40000,
,,,00.000001265000,   6.40000,
,,,00.000001266000,   6.40000,
,,,00.000001267000,   6.40000,
,,,00.000001268000,   6.40000,
,,,00.000001269000,   6.40000,
,,,00.000001270000,   6.40000,
,,,00.000001271000,   6.40000,
,,,00.000001272000,   6.40000,
,,,00.000001273000,   6.40000,
,,,00.000001274000,   6.40000,
,,,00.000001275000,   6.40000,
,,,00.000001276000,   6.40000,
,,,00.000001277000,   6.40000,
,,,00.000001278000,   6.40000,
,,,00.000001279000,   6.40000,
,,,00.000001280000,   6.40000,
,,,00.000001281000,   6.40000,
,,,00.000001282000,   6.40000,
,,,00.000001283000,   6.40000,
,,,00.000001284000,   6.40000,
,,,00.000001285000,   6.40000,
,,,00.000001286000,   6.40000,
,,,00.000001287000,   6.40000,
,,,00.000001288000,   6.40000,
,,,00.000001289000,   6.40000,
,,,00.000001290000,   6.40000,
,,,00.000001291000,   6.40000,
,,,00.000001292000,   6.40000,
,,,00.000001293000,   6.40000,
,,,00.000001294000,   6.40000,
,,,00.000001295000,   6.40000,
,,,00.000001296000,   6.40000,
,,,00.000001297000,   6.40000,
,,,00.000001298000,   6.40000,
,,,00.000001299000,   6.40000,
,,,00.000001300000,   6.40000,
,,,00.000001301000,   6.40000,
,,,00.000001302000,   6.40000,
,,,00.000001303000,   6.40000,
,,,00.000001304000,   6.40000,
,,,00.000001305000,   6.40000,
,,,00.000001306000,   6.40000,
,,,00.000001307000,   6.40000,
,,,00.000001308000,   6.40000,
,,,00.000001309000,   6.40000,
,,,00.000001310000,   6.40000,
,,,00.000001311000,   6.40000,
,,,00.000001312000,   6.40000,
,,,00.000001313000,   6.40000,
,,,00.000001314000,   6.40000,
,,,00.000001315000,   6.40000,
,,,00.000001316000,   6.40000,
,,,00.000001317000,   6.40000,
,,,00.000001318000,   6.40000,
,,,00.000001319000,   6.40000,
,,,00.000001320000,   6.40000,
,,,00.000001321000,   6.40000,
,,,00.000001322000,   6.40000,
,,,00.000001323000,   6.40000,
,,,00.000001324000,   6.40000,
,,,00.000001325000,   6.40000,
,,,00.000001326000,   6.40000,
,,,00.000001327000,   6.40000,
,,,00.000001328000,   6.40000,
,,,00.000001329000,   6.40000,
,,,00.000001330000,   6.40000,
,,,00.000001331000,   6.40000,
,,,00.000001332000,   6.40000,
,,,00.000001333000,   6.40000,
,,,00.000001334000,   6.40000,
,,,00.000001335000,   6.40000,
,,,00.000001336000,   6.00000,
,,,00.000001337000,   6.00000,
,,,00.000001338000,   6.00000,
,,,00.000001339000,   6.00000,
,,,00.000001340000,   6.40000,
,,,00.000001341000,   6.00000,
,,,00.000001342000,   6.40000,
,,,00.000001343000,   6.00000,
,,,00.000001344000,   6.00000,
,,,00.000001345000,   6.00000,
,,,00.000001346000,   6.00000,
,,,00.000001347000,   6.00000,
,,,00.000001348000,   6.00000,
,,,00.000001349000,   6.00000,
,,,00.000001350000,   6.00000,
,,,00.000001351000,   6.00000,
,,,00.000001352000,   6.00000,
,,,00.000001353000,   6.00000,
,,,00.000001354000,   6.00000,
,,,00.000001355000,   6.00000,
,,,00.000001356000,   6.00000,
,,,00.000001357000,   6.00000,
,,,00.000001358000,   6.00000,
,,,00.000001359000,   6.00000,
,,,00.000001360000,   6.00000,
,,,00.000001361000,   6.00000,
,,,00.000001362000,   6.00000,
,,,00.000001363000,   6.00000,
,,,00.000001364000,   6.00000,
,,,00.000001365000,   6.00000,
,,,00.000001366000,   6.00000,
,,,00.000001367000,   6.00000,
,,,00.000001368000,   6.00000,
,,,00.000001369000,   6.00000,
,,,00.000001370000,   6.00000,
,,,00.000001371000,   6.00000,
,,,00.000001372000,   6.00000,
,,,00.000001373000,   6.00000,
,,,00.000001374000,   6.00000,
,,,00.000001375000,   6.00000,
,,,00.000001376000,   6.00000,
,,,00.000001377000,   6.00000,
,,,00.000001378000,   6.00000,
,,,00.000001379000,   6.00000,
,,,00.000001380000,   6.00000,
,,,00.000001381000,   6.00000,
,,,00.000001382000,   6.00000,
,,,00.000001383000,   6.00000,
,,,00.000001384000,   6.00000,
,,,00.000001385000,   6.00000,
,,,00.000001386000,   6.00000,
,,,00.000001387000,   6.00000,
,,,00.000001388000,   6.00000,
,,,00.000001389000,   6.00000,
,,,00.000001390000,   6.00000,
,,,00.000001391000,   6.00000,
,,,00.000001392000,   6.00000,
,,,00.000001393000,   6.00000,
,,,00.000001394000,   6.00000,
,,,00.000001395000,   6.00000,
,,,00.000001396000,   6.00000,
,,,00.000001397000,   6.00000,
,,,00.000001398000,   6.00000,
,,,00.000001399000,   6.00000,
,,,00.000001400000,   6.00000,
,,,00.000001401000,   6.00000,
,,,00.000001402000,   6.00000,
,,,00.000001403000,   6.00000,
,,,00.000001404000,   6.00000,
,,,00.000001405000,   6.00000,
,,,00.000001406000,   6.00000,
,,,00.000001407000,   6.00000,
,,,00.000001408000,   6.00000,
,,,00.000001409000,   6.00000,
,,,00.000001410000,   6.00000,
,,,00.000001411000,   6.00000,
,,,00.000001412000,   6.00000,
,,,00.000001413000,   6.00000,
,,,00.000001414000,   6.00000,
,,,00.000001415000,   6.00000,
,,,00.000001416000,   6.00000,
,,,00.000001417000,   6.00000,
,,,00.000001418000,   6.00000,
,,,00.000001419000,   6.00000,
,,,00.000001420000,   6.00000,
,,,00.000001421000,   6.00000,
,,,00.000001422000,   6.00000,
,,,00.000001423000,   6.00000,
,,,00.000001424000,   6.00000,
,,,00.000001425000,   6.00000,
,,,00.000001426000,   6.00000,
,,,00.000001427000,   6.00000,
,,,00.000001428000,   6.00000,
,,,00.000001429000,   6.00000,
,,,00.000001430000,   6.00000,
,,,00.000001431000,   6.00000,
,,,00.000001432000,   6.00000,
,,,00.000001433000,   6.00000,
,,,00.000001434000,   6.00000,
,,,00.000001435000,   6.00000,
,,,00.000001436000,   6.00000,
,,,00.000001437000,   6.00000,
,,,00.000001438000,   6.00000,
,,,00.000001439000,   6.00000,
,,,00.000001440000,   6.00000,
,,,00.000001441000,   6.00000,
,,,00.000001442000,   6.00000,
,,,00.000001443000,   6.00000,
,,,00.000001444000,   6.00000,
,,,00.000001445000,   6.00000,
,,,00.000001446000,   6.00000,
,,,00.000001447000,   6.00000,
,,,00.000001448000,   6.00000,
,,,00.000001449000,   6.00000,
,,,00.000001450000,   6.00000,
,,,00.000001451000,   6.00000,
,,,00.000001452000,   6.00000,
,,,00.000001453000,   6.00000,
,,,00.000001454000,   6.00000,
,,,00.000001455000,   6.00000,
,,,00.000001456000,   6.00000,
,,,00.000001457000,   6.00000,
,,,00.000001458000,   6.00000,
,,,00.000001459000,   6.00000,
,,,00.000001460000,   6.00000,
,,,00.000001461000,   6.00000,
,,,00.000001462000,   6.00000,
,,,00.000001463000,   6.00000,
,,,00.000001464000,   6.00000,
,,,00.000001465000,   6.00000,
,,,00.000001466000,   6.00000,
,,,00.000001467000,   6.00000,
,,,00.000001468000,   6.00000,
,,,00.000001469000,   6.00000,
,,,00.000001470000,   6.00000,
,,,00.000001471000,   6.00000,
,,,00.000001472000,   6.00000,
,,,00.000001473000,   6.00000,
,,,00.000001474000,   6.00000,
,,,00.000001475000,   6.00000,
,,,00.000001476000,   6.00000,
,,,00.000001477000,   6.00000,
,,,00.000001478000,   6.00000,
,,,00.000001479000,   6.00000,
,,,00.000001480000,   6.00000,
,,,00.000001481000,   6.00000,
,,,00.000001482000,   6.00000,
,,,00.000001483000,   6.00000,
,,,00.000001484000,   6.00000,
,,,00.000001485000,   6.00000,
,,,00.000001486000,   6.00000,
,,,00.000001487000,   6.00000,
,,,00.000001488000,   6.00000,
,,,00.000001489000,   6.00000,
,,,00.000001490000,   6.00000,
,,,00.000001491000,   6.00000,
,,,00.000001492000,   6.00000,
,,,00.000001493000,   6.00000,
,,,00.000001494000,   6.00000,
,,,00.000001495000,   6.00000,
,,,00.000001496000,   6.00000,
,,,00.000001497000,   6.00000,
,,,00.000001498000,   6.00000,
,,,00.000001499000,   6.00000,
,,,00.000001500000,   6.00000,
,,,00.000001501000,   6.00000,
,,,00.000001502000,   6.00000,
,,,00.000001503000,   6.00000,
,,,00.000001504000,   6.00000,
,,,00.000001505000,   6.00000,
,,,00.000001506000,   6.00000,
,,,00.000001507000,   6.00000,
,,,00.000001508000,   6.00000,
,,,00.000001509000,   6.00000,
,,,00.000001510000,   6.00000,
,,,00.000001511000,   6.00000,
,,,00.000001512000,   6.00000,
,,,00.000001513000,   6.00000,
,,,00.000001514000,   6.00000,
,,,00.000001515000,   6.00000,
,,,00.000001516000,   6.00000,
,,,00.000001517000,   6.00000,
,,,00.000001518000,   6.00000,
,,,00.000001519000,   6.00000,
,,,00.000001520000,   6.00000,
,,,00.000001521000,   6.00000,
,,,00.000001522000,   6.00000,
,,,00.000001523000,   6.00000,
,,,00.000001524000,   6.00000,
,,,00.000001525000,   6.00000,
,,,00.000001526000,   6.00000,
,,,00.000001527000,   6.00000,
,,,00.000001528000,   6.00000,
,,,00.000001529000,   6.00000,
,,,00.000001530000,   6.00000,
,,,00.000001531000,   6.00000,
,,,00.000001532000,   6.00000,
,,,00.000001533000,   6.00000,
,,,00.000001534000,   6.00000,
,,,00.000001535000,   6.00000,
,,,00.000001536000,   6.00000,
,,,00.000001537000,   6.00000,
,,,00.000001538000,   6.00000,
,,,00.000001539000,   6.00000,
,,,00.000001540000,   6.00000,
,,,00.000001541000,   6.00000,
,,,00.000001542000,   6.00000,
,,,00.000001543000,   6.00000,
,,,00.000001544000,   6.00000,
,,,00.000001545000,   6.00000,
,,,00.000001546000,   6.00000,
,,,00.000001547000,   6.00000,
,,,00.000001548000,   6.00000,
,,,00.000001549000,   6.00000,
,,,00.000001550000,   6.00000,
,,,00.000001551000,   6.00000,
,,,00.000001552000,   6.00000,
,,,00.000001553000,   6.00000,
,,,00.000001554000,   6.00000,
,,,00.000001555000,   6.00000,
,,,00.000001556000,   6.00000,
,,,00.000001557000,   6.00000,
,,,00.000001558000,   6.00000,
,,,00.000001559000,   6.00000,
,,,00.000001560000,   6.00000,
,,,00.000001561000,   6.00000,
,,,00.000001562000,   6.00000,
,,,00.000001563000,   6.00000,
,,,00.000001564000,   6.00000,
,,,00.000001565000,   6.00000,
,,,00.000001566000,   6.00000,
,,,00.000001567000,   6.00000,
,,,00.000001568000,   6.00000,
,,,00.000001569000,   6.00000,
,,,00.000001570000,   6.00000,
,,,00.000001571000,   6.00000,
,,,00.000001572000,   6.00000,
,,,00.000001573000,   6.00000,
,,,00.000001574000,   6.00000,
,,,00.000001575000,   6.00000,
,,,00.000001576000,   6.00000,
,,,00.000001577000,   6.00000,
,,,00.000001578000,   6.00000,
,,,00.000001579000,   6.00000,
,,,00.000001580000,   6.00000,
,,,00.000001581000,   6.00000,
,,,00.000001582000,   6.00000,
,,,00.000001583000,   6.00000,
,,,00.000001584000,   6.00000,
,,,00.000001585000,   6.00000,
,,,00.000001586000,   6.00000,
,,,00.000001587000,   6.00000,
,,,00.000001588000,   6.00000,
,,,00.000001589000,   6.00000,
,,,00.000001590000,   6.00000,
,,,00.000001591000,   6.00000,
,,,00.000001592000,   6.00000,
,,,00.000001593000,   6.00000,
,,,00.000001594000,   6.00000,
,,,00.000001595000,   6.00000,
,,,00.000001596000,   6.00000,
,,,00.000001597000,   6.00000,
,,,00.000001598000,   6.00000,
,,,00.000001599000,   6.00000,
,,,00.000001600000,   6.00000,
,,,00.000001601000,   6.00000,
,,,00.000001602000,   6.00000,
,,,00.000001603000,   6.00000,
,,,00.000001604000,   6.00000,
,,,00.000001605000,   6.00000,
,,,00.000001606000,   6.00000,
,,,00.000001607000,   6.00000,
,,,00.000001608000,   6.00000,
,,,00.000001609000,   6.00000,
,,,00.000001610000,   6.00000,
,,,00.000001611000,   6.00000,
,,,00.000001612000,   6.00000,
,,,00.000001613000,   6.00000,
,,,00.000001614000,   6.00000,
,,,00.000001615000,   6.00000,
,,,00.000001616000,   6.00000,
,,,00.000001617000,   6.00000,
,,,00.000001618000,   6.00000,
,,,00.000001619000,   6.00000,
,,,00.000001620000,   6.00000,
,,,00.000001621000,   6.00000,
,,,00.000001622000,   6.00000,
,,,00.000001623000,   6.00000,
,,,00.000001624000,   6.00000,
,,,00.000001625000,   6.00000,
,,,00.000001626000,   6.00000,
,,,00.000001627000,   6.00000,
,,,00.000001628000,   6.00000,
,,,00.000001629000,   6.00000,
,,,00.000001630000,   6.00000,
,,,00.000001631000,   6.00000,
,,,00.000001632000,   6.00000,
,,,00.000001633000,   6.00000,
,,,00.000001634000,   6.00000,
,,,00.000001635000,   6.00000,
,,,00.000001636000,   6.00000,
,,,00.000001637000,   6.00000,
,,,00.000001638000,   6.00000,
,,,00.000001639000,   6.00000,
,,,00.000001640000,   6.00000,
,,,00.000001641000,   6.00000,
,,,00.000001642000,   6.00000,
,,,00.000001643000,   6.00000,
,,,00.000001644000,   6.00000,
,,,00.000001645000,   6.00000,
,,,00.000001646000,   6.00000,
,,,00.000001647000,   6.00000,
,,,00.000001648000,   6.00000,
,,,00.000001649000,   6.00000,
,,,00.000001650000,   6.00000,
,,,00.000001651000,   6.00000,
,,,00.000001652000,   6.00000,
,,,00.000001653000,   6.00000,
,,,00.000001654000,   6.00000,
,,,00.000001655000,   6.00000,
,,,00.000001656000,   6.00000,
,,,00.000001657000,   6.00000,
,,,00.000001658000,   6.00000,
,,,00.000001659000,   6.00000,
,,,00.000001660000,   6.00000,
,,,00.000001661000,   6.00000,
,,,00.000001662000,   6.00000,
,,,00.000001663000,   6.00000,
,,,00.000001664000,   6.00000,
,,,00.000001665000,   6.00000,
,,,00.000001666000,   6.00000,
,,,00.000001667000,   6.00000,
,,,00.000001668000,   6.00000,
,,,00.000001669000,   6.00000,
,,,00.000001670000,   6.00000,
,,,00.000001671000,   6.00000,
,,,00.000001672000,   6.00000,
,,,00.000001673000,   6.00000,
,,,00.000001674000,   6.00000,
,,,00.000001675000,   6.00000,
,,,00.000001676000,   6.00000,
,,,00.000001677000,   6.00000,
,,,00.000001678000,   6.00000,
,,,00.000001679000,   6.00000,
,,,00.000001680000,   6.00000,
,,,00.000001681000,   6.00000,
,,,00.000001682000,   6.00000,
,,,00.000001683000,   6.00000,
,,,00.000001684000,   6.00000,
,,,00.000001685000,   6.00000,
,,,00.000001686000,   6.00000,
,,,00.000001687000,   6.00000,
,,,00.000001688000,   6.00000,
,,,00.000001689000,   6.00000,
,,,00.000001690000,   6.00000,
,,,00.000001691000,   6.00000,
,,,00.000001692000,   6.00000,
,,,00.000001693000,   6.00000,
,,,00.000001694000,   6.00000,
,,,00.000001695000,   6.00000,
,,,00.000001696000,   6.00000,
,,,00.000001697000,   6.00000,
,,,00.000001698000,   6.00000,
,,,00.000001699000,   6.00000,
,,,00.000001700000,   6.00000,
,,,00.000001701000,   6.00000,
,,,00.000001702000,   6.00000,
,,,00.000001703000,   6.00000,
,,,00.000001704000,   6.00000,
,,,00.000001705000,   5.60000,
,,,00.000001706000,   5.60000,
,,,00.000001707000,   5.60000,
,,,00.000001708000,   5.60000,
,,,00.000001709000,   5.60000,
,,,00.000001710000,   5.60000,
,,,00.000001711000,   5.60000,
,,,00.000001712000,   5.60000,
,,,00.000001713000,   5.60000,
,,,00.000001714000,   5.60000,
,,,00.000001715000,   5.60000,
,,,00.000001716000,   5.60000,
,,,00.000001717000,   5.60000,
,,,00.000001718000,   5.60000,
,,,00.000001719000,   5.60000,
,,,00.000001720000,   5.60000,
,,,00.000001721000,   5.60000,
,,,00.000001722000,   5.20000,
,,,00.000001723000,   5.20000,
,,,00.000001724000,   5.20000,
,,,00.000001725000,   5.20000,
,,,00.000001726000,   5.20000,
,,,00.000001727000,   5.20000,
,,,00.000001728000,   5.20000,
,,,00.000001729000,   5.20000,
,,,00.000001730000,   5.20000,
,,,00.000001731000,   5.20000,
,,,00.000001732000,   5.20000,
,,,00.000001733000,   5.20000,
,,,00.000001734000,   5.20000,
,,,00.000001735000,   5.20000,
,,,00.000001736000,   5.20000,
,,,00.000001737000,   5.20000,
,,,00.000001738000,   5.20000,
,,,00.000001739000,   5.20000,
,,,00.000001740000,   5.20000,
,,,00.000001741000,   5.20000,
,,,00.000001742000,   5.20000,
,,,00.000001743000,   5.20000,
,,,00.000001744000,   5.60000,
,,,00.000001745000,   5.60000,
,,,00.000001746000,   5.60000,
,,,00.000001747000,   5.60000,
,,,00.000001748000,   5.60000,
,,,00.000001749000,   5.60000,
,,,00.000001750000,   5.60000,
,,,00.000001751000,   5.60000,
,,,00.000001752000,   5.60000,
,,,00.000001753000,   5.60000,
,,,00.000001754000,   5.60000,
,,,00.000001755000,   5.60000,
,,,00.000001756000,   5.60000,
,,,00.000001757000,   5.60000,
,,,00.000001758000,   5.60000,
,,,00.000001759000,   5.60000,
,,,00.000001760000,   5.60000,
,,,00.000001761000,   5.60000,
,,,00.000001762000,   5.60000,
,,,00.000001763000,   5.60000,
,,,00.000001764000,   5.60000,
,,,00.000001765000,   6.00000,
,,,00.000001766000,   5.60000,
,,,00.000001767000,   5.60000,
,,,00.000001768000,   5.60000,
,,,00.000001769000,   6.00000,
,,,00.000001770000,   6.00000,
,,,00.000001771000,   6.00000,
,,,00.000001772000,   6.00000,
,,,00.000001773000,   5.60000,
,,,00.000001774000,   5.60000,
,,,00.000001775000,   5.60000,
,,,00.000001776000,   5.60000,
,,,00.000001777000,   5.60000,
,,,00.000001778000,   5.60000,
,,,00.000001779000,   5.60000,
,,,00.000001780000,   5.60000,
,,,00.000001781000,   5.60000,
,,,00.000001782000,   5.60000,
,,,00.000001783000,   5.60000,
,,,00.000001784000,   5.60000,
,,,00.000001785000,   5.60000,
,,,00.000001786000,   5.60000,
,,,00.000001787000,   5.60000,
,,,00.000001788000,   5.60000,
,,,00.000001789000,   5.60000,
,,,00.000001790000,   5.60000,
,,,00.000001791000,   5.60000,
,,,00.000001792000,   5.60000,
,,,00.000001793000,   5.60000,
,,,00.000001794000,   5.60000,
,,,00.000001795000,   5.60000,
,,,00.000001796000,   5.60000,
,,,00.000001797000,   5.60000,
,,,00.000001798000,   5.60000,
,,,00.000001799000,   5.60000,
,,,00.000001800000,   5.20000,
,,,00.000001801000,   5.20000,
,,,00.000001802000,   5.60000,
,,,00.000001803000,   5.60000,
,,,00.000001804000,   5.60000,
,,,00.000001805000,   5.60000,
,,,00.000001806000,   5.60000,
,,,00.000001807000,   5.60000,
,,,00.000001808000,   5.60000,
,,,00.000001809000,   5.20000,
,,,00.000001810000,   5.20000,
,,,00.000001811000,   5.60000,
,,,00.000001812000,   5.60000,
,,,00.000001813000,   5.60000,
,,,00.000001814000,   5.60000,
,,,00.000001815000,   5.60000,
,,,00.000001816000,   5.60000,
,,,00.000001817000,   5.60000,
,,,00.000001818000,   5.20000,
,,,00.000001819000,   5.60000,
,,,00.000001820000,   5.60000,
,,,00.000001821000,   5.60000,
,,,00.000001822000,   5.60000,
,,,00.000001823000,   5.60000,
,,,00.000001824000,   5.60000,
,,,00.000001825000,   5.60000,
,,,00.000001826000,   5.60000,
,,,00.000001827000,   5.60000,
,,,00.000001828000,   5.60000,
,,,00.000001829000,   5.60000,
,,,00.000001830000,   5.60000,
,,,00.000001831000,   5.60000,
,,,00.000001832000,   5.60000,
,,,00.000001833000,   5.60000,
,,,00.000001834000,   5.60000,
,,,00.000001835000,   5.60000,
,,,00.000001836000,   5.60000,
,,,00.000001837000,   5.60000,
,,,00.000001838000,   5.60000,
,,,00.000001839000,   5.60000,
,,,00.000001840000,   5.60000,
,,,00.000001841000,   5.60000,
,,,00.000001842000,   5.60000,
,,,00.000001843000,   5.60000,
,,,00.000001844000,   5.60000,
,,,00.000001845000,   5.60000,
,,,00.000001846000,   5.60000,
,,,00.000001847000,   5.60000,
,,,00.000001848000,   5.60000,
,,,00.000001849000,   5.60000,
,,,00.000001850000,   5.60000,
,,,00.000001851000,   5.60000,
,,,00.000001852000,   5.60000,
,,,00.000001853000,   5.60000,
,,,00.000001854000,   5.60000,
,,,00.000001855000,   5.60000,
,,,00.000001856000,   5.60000,
,,,00.000001857000,   5.60000,
,,,00.000001858000,   5.60000,
,,,00.000001859000,   5.60000,
,,,00.000001860000,   5.60000,
,,,00.000001861000,   5.60000,
,,,00.000001862000,   5.60000,
,,,00.000001863000,   5.60000,
,,,00.000001864000,   5.60000,
,,,00.000001865000,   5.60000,
,,,00.000001866000,   5.60000,
,,,00.000001867000,   5.60000,
,,,00.000001868000,   5.60000,
,,,00.000001869000,   5.60000,
,,,00.000001870000,   5.60000,
,,,00.000001871000,   5.60000,
,,,00.000001872000,   5.60000,
,,,00.000001873000,   5.60000,
,,,00.000001874000,   5.60000,
,,,00.000001875000,   5.60000,
,,,00.000001876000,   5.60000,
,,,00.000001877000,   5.60000,
,,,00.000001878000,   5.60000,
,,,00.000001879000,   5.60000,
,,,00.000001880000,   5.60000,
,,,00.000001881000,   5.60000,
,,,00.000001882000,   5.60000,
,,,00.000001883000,   5.60000,
,,,00.000001884000,   5.20000,
,,,00.000001885000,   5.60000,
,,,00.000001886000,   5.60000,
,,,00.000001887000,   5.60000,
,,,00.000001888000,   5.60000,
,,,00.000001889000,   5.60000,
,,,00.000001890000,   5.60000,
,,,00.000001891000,   5.60000,
,,,00.000001892000,   5.60000,
,,,00.000001893000,   5.60000,
,,,00.000001894000,   5.60000,
,,,00.000001895000,   5.60000,
,,,00.000001896000,   5.60000,
,,,00.000001897000,   5.60000,
,,,00.000001898000,   5.60000,
,,,00.000001899000,   5.20000,
,,,00.000001900000,   5.20000,
,,,00.000001901000,   5.60000,
,,,00.000001902000,   5.60000,
,,,00.000001903000,   5.60000,
,,,00.000001904000,   5.60000,
,,,00.000001905000,   5.60000,
,,,00.000001906000,   5.60000,
,,,00.000001907000,   5.20000,
,,,00.000001908000,   5.60000,
,,,00.000001909000,   5.20000,
,,,00.000001910000,   5.20000,
,,,00.000001911000,   5.60000,
,,,00.000001912000,   5.20000,
,,,00.000001913000,   5.20000,
,,,00.000001914000,   5.20000,
,,,00.000001915000,   5.20000,
,,,00.000001916000,   5.20000,
,,,00.000001917000,   5.20000,
,,,00.000001918000,   5.20000,
,,,00.000001919000,   5.60000,
,,,00.000001920000,   5.20000,
,,,00.000001921000,   5.20000,
,,,00.000001922000,   5.20000,
,,,00.000001923000,   5.20000,
,,,00.000001924000,   5.20000,
,,,00.000001925000,   5.20000,
,,,00.000001926000,   5.20000,
,,,00.000001927000,   5.20000,
,,,00.000001928000,   5.20000,
,,,00.000001929000,   5.20000,
,,,00.000001930000,   5.20000,
,,,00.000001931000,   5.20000,
,,,00.000001932000,   5.20000,
,,,00.000001933000,   5.20000,
,,,00.000001934000,   5.20000,
,,,00.000001935000,   5.20000,
,,,00.000001936000,   5.20000,
,,,00.000001937000,   5.20000,
,,,00.000001938000,   5.20000,
,,,00.000001939000,   5.20000,
,,,00.000001940000,   5.20000,
,,,00.000001941000,   5.20000,
,,,00.000001942000,   5.20000,
,,,00.000001943000,   5.20000,
,,,00.000001944000,   5.20000,
,,,00.000001945000,   5.20000,
,,,00.000001946000,   5.20000,
,,,00.000001947000,   5.20000,
,,,00.000001948000,   5.20000,
,,,00.000001949000,   5.20000,
,,,00.000001950000,   5.20000,
,,,00.000001951000,   5.20000,
,,,00.000001952000,   5.20000,
,,,00.000001953000,   5.20000,
,,,00.000001954000,   5.20000,
,,,00.000001955000,   5.20000,
,,,00.000001956000,   5.20000,
,,,00.000001957000,   5.20000,
,,,00.000001958000,   5.20000,
,,,00.000001959000,   5.20000,
,,,00.000001960000,   5.20000,
,,,00.000001961000,   5.20000,
,,,00.000001962000,   5.20000,
,,,00.000001963000,   5.20000,
,,,00.000001964000,   5.20000,
,,,00.000001965000,   5.20000,
,,,00.000001966000,   5.20000,
,,,00.000001967000,   5.20000,
,,,00.000001968000,   5.20000,
,,,00.000001969000,   5.20000,
,,,00.000001970000,   5.20000,
,,,00.000001971000,   5.20000,
,,,00.000001972000,   5.20000,
,,,00.000001973000,   5.20000,
,,,00.000001974000,   5.20000,
,,,00.000001975000,   5.20000,
,,,00.000001976000,   5.20000,
,,,00.000001977000,   5.20000,
,,,00.000001978000,   5.20000,
,,,00.000001979000,   5.20000,
,,,00.000001980000,   5.20000,
,,,00.000001981000,   5.20000,
,,,00.000001982000,   5.20000,
,,,00.000001983000,   5.20000,
,,,00.000001984000,   5.20000,
,,,00.000001985000,   5.20000,
,,,00.000001986000,   5.20000,
,,,00.000001987000,   5.20000,
,,,00.000001988000,   5.20000,
,,,00.000001989000,   5.20000,
,,,00.000001990000,   5.20000,
,,,00.000001991000,   5.20000,
,,,00.000001992000,   5.20000,
,,,00.000001993000,   5.20000,
,,,00.000001994000,   5.20000,
,,,00.000001995000,   5.20000,
,,,00.000001996000,   5.20000,
,,,00.000001997000,   5.20000,
,,,00.000001998000,   5.20000,
,,,00.000001999000,   5.20000,
,,,00.000002000000,   5.20000,
,,,00.000002001000,   5.20000,
,,,00.000002002000,   5.20000,
,,,00.000002003000,   5.20000,
,,,00.000002004000,   5.20000,
,,,00.000002005000,   5.20000,
,,,00.000002006000,   5.20000,
,,,00.000002007000,   5.20000,
,,,00.000002008000,   5.20000,
,,,00.000002009000,   5.20000,
,,,00.000002010000,   5.20000,
,,,00.000002011000,   5.20000,
,,,00.000002012000,   5.20000,
,,,00.000002013000,   5.20000,
,,,00.000002014000,   5.20000,
,,,00.000002015000,   5.20000,
,,,00.000002016000,   5.20000,
,,,00.000002017000,   5.20000,
,,,00.000002018000,   5.20000,
,,,00.000002019000,   5.20000,
