,,,-00.000000620000, -55.20000,
,,,-00.000000610000, -56.00000,
,,,-00.000000600000, -55.20000,
,,,-00.000000590000, -55.20000,
,,,-00.000000580000, -56.00000,
,,,-00.000000570000, -56.00000,
,,,-00.000000560000, -55.20000,
,,,-00.000000550000, -55.20000,
,,,-00.000000540000, -55.20000,
,,,-00.000000530000, -55.20000,
,,,-00.000000520000, -56.00000,
,,,-00.000000510000, -55.20000,
,,,-00.000000500000, -55.20000,
,,,-00.000000490000, -56.00000,
,,,-00.000000480000, -56.00000,
,,,-00.000000470000, -55.20000,
,,,-00.000000460000, -55.20000,
,,,-00.000000450000, -56.00000,
,,,-00.000000440000, -55.20000,
,,,-00.000000430000, -56.00000,
,,,-00.000000420000, -55.20000,
,,,-00.000000410000, -55.20000,
,,,-00.000000400000, -55.20000,
,,,-00.000000390000, -55.20000,
,,,-00.000000380000, -55.20000,
,,,-00.000000370000, -55.20000,
,,,-00.000000360000, -56.00000,
,,,-00.000000350000, -56.00000,
,,,-00.000000340000, -55.20000,
,,,-00.000000330000, -55.20000,
,,,-00.000000320000, -55.20000,
,,,-00.000000310000, -55.20000,
,,,-00.000000300000, -55.20000,
,,,-00.000000290000, -56.00000,
,,,-00.000000280000, -55.20000,
,,,-00.000000270000, -56.00000,
,,,-00.000000260000, -55.20000,
,,,-00.000000250000, -56.00000,
,,,-00.000000240000, -55.20000,
,,,-00.000000230000, -55.20000,
,,,-00.000000220000, -55.20000,
,,,-00.000000210000, -55.20000,
,,,-00.000000200000, -56.00000,
,,,-00.000000190000, -55.20000,
,,,-00.000000180000, -56.00000,
,,,-00.000000170000, -55.20000,
,,,-00.000000160000, -55.20000,
,,,-00.000000150000, -56.00000,
,,,-00.000000140000, -56.00000,
,,,-00.000000130000, -55.20000,
,,,-00.000000120000, -55.20000,
,,,-00.000000110000, -56.00000,
,,,-00.000000100000, -55.20000,
,,,-00.000000090000, -55.20000,
,,,-00.000000080000, -55.20000,
,,,-00.000000070000, -56.00000,
,,,-00.000000060000, -55.20000,
,,,-00.000000050000, -55.20000,
,,,-00.000000040000, -55.20000,
,,,-00.000000030000, -56.00000,
,,,-00.000000020000, -55.20000,
,,,-00.000000010000, -55.20000,
,,,-00.000000000000, -55.20000,
,,,00.000000010000, -53.60000,
,,,00.000000020000, -48.00000,
,,,00.000000030000, -38.40000,
,,,00.000000040000, -28.00000,
,,,00.000000050000, -17.60000,
,,,00.000000060000,  -8.80000,
,,,00.000000070000,  -3.20000,
,,,00.000000080000,   0.00000,
,,,00.000000090000,   0.80000,
,,,00.000000100000,   0.80000,
,,,00.000000110000,   0.80000,
,,,00.000000120000,   0.80000,
,,,00.000000130000,   0.80000,
,,,00.000000140000,   0.80000,
,,,00.000000150000,   0.80000,
,,,00.000000160000,   0.80000,
,,,00.000000170000,   0.80000,
,,,00.000000180000,   0.80000,
,,,00.000000190000,   0.80000,
,,,00.000000200000,   0.80000,
,,,00.000000210000,   0.80000,
,,,00.000000220000,   0.80000,
,,,00.000000230000,   0.80000,
,,,00.000000240000,   0.80000,
,,,00.000000250000,   0.80000,
,,,00.000000260000,   0.80000,
,,,00.000000270000,   0.80000,
,,,00.000000280000,   0.80000,
,,,00.000000290000,   0.80000,
,,,00.000000300000,   0.80000,
,,,00.000000310000,   0.80000,
,,,00.000000320000,   1.60000,
,,,00.000000330000,   1.60000,
,,,00.000000340000,   1.60000,
,,,00.000000350000,   1.60000,
,,,00.000000360000,   1.60000,
,,,00.000000370000,   1.60000,
,,,00.000000380000,   1.60000,
,,,00.000000390000,   1.60000,
,,,00.000000400000,   1.60000,
,,,00.000000410000,   1.60000,
,,,00.000000420000,   1.60000,
,,,00.000000430000,   1.60000,
,,,00.000000440000,   1.60000,
,,,00.000000450000,   1.60000,
,,,00.000000460000,   1.60000,
,,,00.000000470000,   1.60000,
,,,00.000000480000,   1.60000,
,,,00.000000490000,   1.60000,
,,,00.000000500000,   1.60000,
,,,00.000000510000,   1.60000,
,,,00.000000520000,   1.60000,
,,,00.000000530000,   1.60000,
,,,00.000000540000,   1.60000,
,,,00.000000550000,   2.40000,
,,,00.000000560000,   2.40000,
,,,00.000000570000,   2.40000,
,,,00.000000580000,   2.40000,
,,,00.000000590000,   2.40000,
,,,00.000000600000,   2.40000,
,,,00.000000610000,   2.40000,
,,,00.000000620000,   2.40000,
,,,00.000000630000,   2.40000,
,,,00.000000640000,   2.40000,
,,,00.000000650000,   2.40000,
,,,00.000000660000,   2.40000,
,,,00.000000670000,   2.40000,
,,,00.000000680000,   2.40000,
,,,00.000000690000,   2.40000,
,,,00.000000700000,   2.40000,
,,,00.000000710000,   2.40000,
,,,00.000000720000,   2.40000,
,,,00.000000730000,   2.40000,
,,,00.000000740000,   2.40000,
,,,00.000000750000,   2.40000,
,,,00.000000760000,   2.40000,
,,,00.000000770000,   2.40000,
,,,00.000000780000,   2.40000,
,,,00.000000790000,   2.40000,
,,,00.000000800000,   2.40000,
,,,00.000000810000,   2.40000,
,,,00.000000820000,   2.40000,
,,,00.000000830000,   2.40000,
,,,00.000000840000,   2.40000,
,,,00.000000850000,   2.40000,
,,,00.000000860000,   2.40000,
,,,00.000000870000,   0.80000,
,,,00.000000880000,  -2.40000,
,,,00.000000890000,  -6.40000,
,,,00.000000900000, -12.00000,
,,,00.000000910000, -17.60000,
,,,00.000000920000, -23.20000,
,,,00.000000930000, -27.20000,
,,,00.000000940000, -29.60000,
,,,00.000000950000, -32.00000,
,,,00.000000960000, -33.60000,
,,,00.000000970000, -34.40000,
,,,00.000000980000, -35.20000,
,,,00.000000990000, -36.00000,
,,,00.000001000000, -36.80000,
,,,00.000001010000, -37.60000,
,,,00.000001020000, -37.60000,
,,,00.000001030000, -38.40000,
,,,00.000001040000, -38.40000,
,,,00.000001050000, -38.40000,
,,,00.000001060000, -39.20000,
,,,00.000001070000, -39.20000,
,,,00.000001080000, -39.20000,
,,,00.000001090000, -39.20000,
,,,00.000001100000, -39.20000,
,,,00.000001110000, -39.20000,
,,,00.000001120000, -39.20000,
,,,00.000001130000, -40.00000,
,,,00.000001140000, -40.00000,
,,,00.000001150000, -40.00000,
,,,00.000001160000, -40.00000,
,,,00.000001170000, -40.00000,
,,,00.000001180000, -40.00000,
,,,00.000001190000, -39.20000,
,,,00.000001200000, -39.20000,
,,,00.000001210000, -39.20000,
,,,00.000001220000, -39.20000,
,,,00.000001230000, -39.20000,
,,,00.000001240000, -39.20000,
,,,00.000001250000, -39.20000,
,,,00.000001260000, -39.20000,
,,,00.000001270000, -39.20000,
,,,00.000001280000, -39.20000,
,,,00.000001290000, -38.40000,
,,,00.000001300000, -38.40000,
,,,00.000001310000, -38.40000,
,,,00.000001320000, -38.40000,
,,,00.000001330000, -38.40000,
,,,00.000001340000, -38.40000,
,,,00.000001350000, -38.40000,
,,,00.000001360000, -37.60000,
,,,00.000001370000, -37.60000,
,,,00.000001380000, -37.60000,
,,,00.000001390000, -37.60000,
,,,00.000001400000, -37.60000,
,,,00.000001410000, -37.60000,
,,,00.000001420000, -37.60000,
,,,00.000001430000, -36.80000,
,,,00.000001440000, -36.80000,
,,,00.000001450000, -36.80000,
,,,00.000001460000, -36.80000,
,,,00.000001470000, -36.80000,
,,,00.000001480000, -36.00000,
,,,00.000001490000, -36.00000,
,,,00.000001500000, -36.00000,
,,,00.000001510000, -36.00000,
,,,00.000001520000, -36.00000,
,,,00.000001530000, -36.00000,
,,,00.000001540000, -35.20000,
,,,00.000001550000, -35.20000,
,,,00.000001560000, -35.20000,
,,,00.000001570000, -35.20000,
,,,00.000001580000, -35.20000,
,,,00.000001590000, -34.40000,
,,,00.000001600000, -34.40000,
,,,00.000001610000, -34.40000,
,,,00.000001620000, -34.40000,
,,,00.000001630000, -34.40000,
,,,00.000001640000, -33.60000,
,,,00.000001650000, -33.60000,
,,,00.000001660000, -33.60000,
,,,00.000001670000, -33.60000,
,,,00.000001680000, -33.60000,
,,,00.000001690000, -32.80000,
,,,00.000001700000, -32.80000,
,,,00.000001710000, -32.80000,
,,,00.000001720000, -32.80000,
,,,00.000001730000, -32.80000,
,,,00.000001740000, -32.80000,
,,,00.000001750000, -32.80000,
,,,00.000001760000, -32.80000,
,,,00.000001770000, -32.80000,
,,,00.000001780000, -32.80000,
,,,00.000001790000, -32.00000,
,,,00.000001800000, -32.00000,
,,,00.000001810000, -32.00000,
,,,00.000001820000, -32.00000,
,,,00.000001830000, -32.00000,
,,,00.000001840000, -32.00000,
,,,00.000001850000, -31.20000,
,,,00.000001860000, -31.20000,
,,,00.000001870000, -31.20000,
,,,00.000001880000, -31.20000,
,,,00.000001890000, -31.20000,
,,,00.000001900000, -30.40000,
,,,00.000001910000, -30.40000,
,,,00.000001920000, -30.40000,
,,,00.000001930000, -30.40000,
,,,00.000001940000, -30.40000,
,,,00.000001950000, -30.40000,
,,,00.000001960000, -29.60000,
,,,00.000001970000, -29.60000,
,,,00.000001980000, -29.60000,
,,,00.000001990000, -29.60000,
,,,00.000002000000, -29.60000,
,,,00.000002010000, -29.60000,
,,,00.000002020000, -29.60000,
,,,00.000002030000, -28.80000,
,,,00.000002040000, -28.80000,
,,,00.000002050000, -28.80000,
,,,00.000002060000, -28.80000,
,,,00.000002070000, -28.80000,
,,,00.000002080000, -28.80000,
,,,00.000002090000, -28.80000,
,,,00.000002100000, -28.00000,
,,,00.000002110000, -28.00000,
,,,00.000002120000, -28.00000,
,,,00.000002130000, -28.00000,
,,,00.000002140000, -28.00000,
,,,00.000002150000, -28.00000,
,,,00.000002160000, -28.00000,
,,,00.000002170000, -27.20000,
,,,00.000002180000, -27.20000,
,,,00.000002190000, -27.20000,
,,,00.000002200000, -27.20000,
,,,00.000002210000, -27.20000,
,,,00.000002220000, -27.20000,
,,,00.000002230000, -26.40000,
,,,00.000002240000, -26.40000,
,,,00.000002250000, -26.40000,
,,,00.000002260000, -26.40000,
,,,00.000002270000, -26.40000,
,,,00.000002280000, -26.40000,
,,,00.000002290000, -26.40000,
,,,00.000002300000, -25.60000,
,,,00.000002310000, -25.60000,
,,,00.000002320000, -25.60000,
,,,00.000002330000, -25.60000,
,,,00.000002340000, -25.60000,
,,,00.000002350000, -24.80000,
,,,00.000002360000, -24.80000,
,,,00.000002370000, -24.80000,
,,,00.000002380000, -24.80000,
,,,00.000002390000, -24.80000,
,,,00.000002400000, -24.80000,
,,,00.000002410000, -24.80000,
,,,00.000002420000, -24.80000,
,,,00.000002430000, -24.00000,
,,,00.000002440000, -24.00000,
,,,00.000002450000, -24.00000,
,,,00.000002460000, -24.00000,
,,,00.000002470000, -24.00000,
,,,00.000002480000, -24.00000,
,,,00.000002490000, -23.20000,
,,,00.000002500000, -23.20000,
,,,00.000002510000, -23.20000,
,,,00.000002520000, -23.20000,
,,,00.000002530000, -23.20000,
,,,00.000002540000, -23.20000,
,,,00.000002550000, -22.40000,
,,,00.000002560000, -22.40000,
,,,00.000002570000, -22.40000,
,,,00.000002580000, -22.40000,
,,,00.000002590000, -22.40000,
,,,00.000002600000, -22.40000,
,,,00.000002610000, -22.40000,
,,,00.000002620000, -21.60000,
,,,00.000002630000, -21.60000,
,,,00.000002640000, -21.60000,
,,,00.000002650000, -21.60000,
,,,00.000002660000, -21.60000,
,,,00.000002670000, -21.60000,
,,,00.000002680000, -21.60000,
,,,00.000002690000, -20.80000,
,,,00.000002700000, -20.80000,
,,,00.000002710000, -20.80000,
,,,00.000002720000, -20.80000,
,,,00.000002730000, -20.80000,
,,,00.000002740000, -20.80000,
,,,00.000002750000, -20.00000,
,,,00.000002760000, -20.00000,
,,,00.000002770000, -20.00000,
,,,00.000002780000, -20.00000,
,,,00.000002790000, -20.00000,
,,,00.000002800000, -20.00000,
,,,00.000002810000, -20.00000,
,,,00.000002820000, -19.20000,
,,,00.000002830000, -19.20000,
,,,00.000002840000, -19.20000,
,,,00.000002850000, -19.20000,
,,,00.000002860000, -19.20000,
,,,00.000002870000, -19.20000,
,,,00.000002880000, -18.40000,
,,,00.000002890000, -18.40000,
,,,00.000002900000, -18.40000,
,,,00.000002910000, -18.40000,
,,,00.000002920000, -18.40000,
,,,00.000002930000, -18.40000,
,,,00.000002940000, -17.60000,
,,,00.000002950000, -17.60000,
,,,00.000002960000, -17.60000,
,,,00.000002970000, -17.60000,
,,,00.000002980000, -17.60000,
,,,00.000002990000, -17.60000,
,,,00.000003000000, -17.60000,
,,,00.000003010000, -16.80000,
,,,00.000003020000, -16.80000,
,,,00.000003030000, -16.80000,
,,,00.000003040000, -16.80000,
,,,00.000003050000, -16.80000,
,,,00.000003060000, -16.80000,
,,,00.000003070000, -16.00000,
,,,00.000003080000, -16.00000,
,,,00.000003090000, -16.00000,
,,,00.000003100000, -16.00000,
,,,00.000003110000, -16.00000,
,,,00.000003120000, -16.00000,
,,,00.000003130000, -16.00000,
,,,00.000003140000, -15.20000,
,,,00.000003150000, -15.20000,
,,,00.000003160000, -15.20000,
,,,00.000003170000, -15.20000,
,,,00.000003180000, -15.20000,
,,,00.000003190000, -15.20000,
,,,00.000003200000, -15.20000,
,,,00.000003210000, -14.40000,
,,,00.000003220000, -14.40000,
,,,00.000003230000, -14.40000,
,,,00.000003240000, -14.40000,
,,,00.000003250000, -14.40000,
,,,00.000003260000, -14.40000,
,,,00.000003270000, -14.40000,
,,,00.000003280000, -14.40000,
,,,00.000003290000, -13.60000,
,,,00.000003300000, -13.60000,
,,,00.000003310000, -13.60000,
,,,00.000003320000, -13.60000,
,,,00.000003330000, -13.60000,
,,,00.000003340000, -13.60000,
,,,00.000003350000, -12.80000,
,,,00.000003360000, -12.80000,
,,,00.000003370000, -12.80000,
,,,00.000003380000, -12.80000,
,,,00.000003390000, -12.80000,
,,,00.000003400000, -12.80000,
,,,00.000003410000, -12.80000,
,,,00.000003420000, -12.00000,
,,,00.000003430000, -12.00000,
,,,00.000003440000, -12.00000,
,,,00.000003450000, -12.00000,
,,,00.000003460000, -12.00000,
,,,00.000003470000, -12.00000,
,,,00.000003480000, -12.00000,
,,,00.000003490000, -12.00000,
,,,00.000003500000, -11.20000,
,,,00.000003510000, -11.20000,
,,,00.000003520000, -11.20000,
,,,00.000003530000, -11.20000,
,,,00.000003540000, -11.20000,
,,,00.000003550000, -11.20000,
,,,00.000003560000, -11.20000,
,,,00.000003570000, -10.40000,
,,,00.000003580000, -10.40000,
,,,00.000003590000, -10.40000,
,,,00.000003600000, -10.40000,
,,,00.000003610000, -10.40000,
,,,00.000003620000, -10.40000,
,,,00.000003630000, -10.40000,
,,,00.000003640000,  -9.60000,
,,,00.000003650000,  -9.60000,
,,,00.000003660000,  -9.60000,
,,,00.000003670000,  -9.60000,
,,,00.000003680000,  -9.60000,
,,,00.000003690000,  -9.60000,
,,,00.000003700000,  -9.60000,
,,,00.000003710000,  -8.80000,
,,,00.000003720000,  -8.80000,
,,,00.000003730000,  -8.80000,
,,,00.000003740000,  -8.80000,
,,,00.000003750000,  -8.80000,
,,,00.000003760000,  -8.80000,
,,,00.000003770000,  -8.80000,
,,,00.000003780000,  -8.00000,
,,,00.000003790000,  -8.00000,
,,,00.000003800000,  -8.00000,
,,,00.000003810000,  -8.00000,
,,,00.000003820000,  -8.00000,
,,,00.000003830000,  -8.00000,
,,,00.000003840000,  -8.00000,
,,,00.000003850000,  -8.00000,
,,,00.000003860000,  -7.20000,
,,,00.000003870000,  -7.20000,
,,,00.000003880000,  -7.20000,
,,,00.000003890000,  -7.20000,
,,,00.000003900000,  -7.20000,
,,,00.000003910000,  -7.20000,
,,,00.000003920000,  -7.20000,
,,,00.000003930000,  -6.40000,
,,,00.000003940000,  -6.40000,
,,,00.000003950000,  -6.40000,
,,,00.000003960000,  -6.40000,
,,,00.000003970000,  -6.40000,
,,,00.000003980000,  -6.40000,
,,,00.000003990000,  -6.40000,
,,,00.000004000000,  -5.60000,
,,,00.000004010000,  -5.60000,
,,,00.000004020000,  -5.60000,
,,,00.000004030000,  -5.60000,
,,,00.000004040000,  -5.60000,
,,,00.000004050000,  -5.60000,
,,,00.000004060000,  -5.60000,
,,,00.000004070000,  -5.60000,
,,,00.000004080000,  -4.80000,
,,,00.000004090000,  -4.80000,
,,,00.000004100000,  -4.80000,
,,,00.000004110000,  -4.80000,
,,,00.000004120000,  -4.80000,
,,,00.000004130000,  -4.80000,
,,,00.000004140000,  -4.80000,
,,,00.000004150000,  -4.80000,
,,,00.000004160000,  -4.00000,
,,,00.000004170000,  -4.00000,
,,,00.000004180000,  -4.00000,
,,,00.000004190000,  -4.00000,
,,,00.000004200000,  -4.00000,
,,,00.000004210000,  -4.00000,
,,,00.000004220000,  -4.00000,
,,,00.000004230000,  -4.00000,
,,,00.000004240000,  -3.20000,
,,,00.000004250000,  -3.20000,
,,,00.000004260000,  -3.20000,
,,,00.000004270000,  -3.20000,
,,,00.000004280000,  -3.20000,
,,,00.000004290000,  -3.20000,
,,,00.000004300000,  -3.20000,
,,,00.000004310000,  -3.20000,
,,,00.000004320000,  -2.40000,
,,,00.000004330000,  -2.40000,
,,,00.000004340000,  -2.40000,
,,,00.000004350000,  -2.40000,
,,,00.000004360000,  -2.40000,
,,,00.000004370000,  -2.40000,
,,,00.000004380000,  -2.40000,
,,,00.000004390000,  -2.40000,
,,,00.000004400000,  -2.40000,
,,,00.000004410000,  -1.60000,
,,,00.000004420000,  -1.60000,
,,,00.000004430000,  -1.60000,
,,,00.000004440000,  -1.60000,
,,,00.000004450000,  -1.60000,
,,,00.000004460000,  -1.60000,
,,,00.000004470000,  -1.60000,
,,,00.000004480000,  -0.80000,
,,,00.000004490000,  -0.80000,
,,,00.000004500000,  -0.80000,
,,,00.000004510000,  -0.80000,
,,,00.000004520000,  -0.80000,
,,,00.000004530000,  -0.80000,
,,,00.000004540000,  -0.80000,
,,,00.000004550000,  -0.80000,
,,,00.000004560000,   0.00000,
,,,00.000004570000,   0.00000,
,,,00.000004580000,   0.00000,
,,,00.000004590000,   0.00000,
,,,00.000004600000,   0.00000,
,,,00.000004610000,   0.00000,
,,,00.000004620000,   0.00000,
,,,00.000004630000,   0.00000,
,,,00.000004640000,   0.00000,
,,,00.000004650000,   0.80000,
,,,00.000004660000,   0.80000,
,,,00.000004670000,   0.80000,
,,,00.000004680000,   0.80000,
,,,00.000004690000,   0.80000,
,,,00.000004700000,   0.80000,
,,,00.000004710000,   0.80000,
,,,00.000004720000,   0.80000,
,,,00.000004730000,   1.60000,
,,,00.000004740000,   1.60000,
,,,00.000004750000,   1.60000,
,,,00.000004760000,   1.60000,
,,,00.000004770000,   1.60000,
,,,00.000004780000,   1.60000,
,,,00.000004790000,   1.60000,
,,,00.000004800000,   1.60000,
,,,00.000004810000,   1.60000,
,,,00.000004820000,   2.40000,
,,,00.000004830000,   2.40000,
,,,00.000004840000,   2.40000,
,,,00.000004850000,   2.40000,
,,,00.000004860000,   2.40000,
,,,00.000004870000,   2.40000,
,,,00.000004880000,   2.40000,
,,,00.000004890000,   2.40000,
,,,00.000004900000,   3.20000,
,,,00.000004910000,   3.20000,
,,,00.000004920000,   3.20000,
,,,00.000004930000,   3.20000,
,,,00.000004940000,   3.20000,
,,,00.000004950000,   3.20000,
,,,00.000004960000,   3.20000,
,,,00.000004970000,   3.20000,
,,,00.000004980000,   3.20000,
,,,00.000004990000,   4.00000,
,,,00.000005000000,   4.00000,
,,,00.000005010000,   4.00000,
,,,00.000005020000,   4.00000,
,,,00.000005030000,   4.00000,
,,,00.000005040000,   4.00000,
,,,00.000005050000,   4.00000,
,,,00.000005060000,   4.00000,
,,,00.000005070000,   4.00000,
,,,00.000005080000,   4.80000,
,,,00.000005090000,   4.80000,
,,,00.000005100000,   4.80000,
,,,00.000005110000,   4.80000,
,,,00.000005120000,   4.80000,
,,,00.000005130000,   4.80000,
,,,00.000005140000,   4.80000,
,,,00.000005150000,   4.80000,
,,,00.000005160000,   4.80000,
,,,00.000005170000,   5.60000,
,,,00.000005180000,   5.60000,
,,,00.000005190000,   5.60000,
,,,00.000005200000,   5.60000,
,,,00.000005210000,   5.60000,
,,,00.000005220000,   5.60000,
,,,00.000005230000,   5.60000,
,,,00.000005240000,   5.60000,
,,,00.000005250000,   5.60000,
,,,00.000005260000,   6.40000,
,,,00.000005270000,   6.40000,
,,,00.000005280000,   6.40000,
,,,00.000005290000,   6.40000,
,,,00.000005300000,   6.40000,
,,,00.000005310000,   6.40000,
,,,00.000005320000,   6.40000,
,,,00.000005330000,   6.40000,
,,,00.000005340000,   6.40000,
,,,00.000005350000,   6.40000,
,,,00.000005360000,   7.20000,
,,,00.000005370000,   7.20000,
,,,00.000005380000,   7.20000,
,,,00.000005390000,   7.20000,
,,,00.000005400000,   7.20000,
,,,00.000005410000,   7.20000,
,,,00.000005420000,   7.20000,
,,,00.000005430000,   7.20000,
,,,00.000005440000,   7.20000,
,,,00.000005450000,   8.00000,
,,,00.000005460000,   8.00000,
,,,00.000005470000,   8.00000,
,,,00.000005480000,   8.00000,
,,,00.000005490000,   8.00000,
,,,00.000005500000,   8.00000,
,,,00.000005510000,   8.00000,
,,,00.000005520000,   8.00000,
,,,00.000005530000,   8.00000,
,,,00.000005540000,   8.00000,
,,,00.000005550000,   8.80000,
,,,00.000005560000,   8.80000,
,,,00.000005570000,   8.80000,
,,,00.000005580000,   8.80000,
,,,00.000005590000,   8.80000,
,,,00.000005600000,   8.80000,
,,,00.000005610000,   8.80000,
,,,00.000005620000,   8.80000,
,,,00.000005630000,   8.80000,
,,,00.000005640000,   8.80000,
,,,00.000005650000,   9.60000,
,,,00.000005660000,   9.60000,
,,,00.000005670000,   9.60000,
,,,00.000005680000,   9.60000,
,,,00.000005690000,   9.60000,
,,,00.000005700000,   9.60000,
,,,00.000005710000,   9.60000,
,,,00.000005720000,   9.60000,
,,,00.000005730000,   9.60000,
,,,00.000005740000,   9.60000,
,,,00.000005750000,  10.40000,
,,,00.000005760000,  10.40000,
,,,00.000005770000,  10.40000,
,,,00.000005780000,  10.40000,
,,,00.000005790000,  10.40000,
,,,00.000005800000,  10.40000,
,,,00.000005810000,  10.40000,
,,,00.000005820000,  10.40000,
,,,00.000005830000,  10.40000,
,,,00.000005840000,  10.40000,
,,,00.000005850000,  11.20000,
,,,00.000005860000,  11.20000,
,,,00.000005870000,  11.20000,
,,,00.000005880000,  11.20000,
,,,00.000005890000,  11.20000,
,,,00.000005900000,  11.20000,
,,,00.000005910000,  11.20000,
,,,00.000005920000,  11.20000,
,,,00.000005930000,  11.20000,
,,,00.000005940000,  11.20000,
,,,00.000005950000,  12.00000,
,,,00.000005960000,  12.00000,
,,,00.000005970000,  12.00000,
,,,00.000005980000,  12.00000,
,,,00.000005990000,  12.00000,
,,,00.000006000000,  12.00000,
,,,00.000006010000,  12.00000,
,,,00.000006020000,  12.00000,
,,,00.000006030000,  12.00000,
,,,00.000006040000,  12.00000,
,,,00.000006050000,  12.00000,
,,,00.000006060000,  12.00000,
,,,00.000006070000,  12.80000,
,,,00.000006080000,  12.80000,
,,,00.000006090000,  12.80000,
,,,00.000006100000,  12.80000,
,,,00.000006110000,  12.80000,
,,,00.000006120000,  12.80000,
,,,00.000006130000,  12.80000,
,,,00.000006140000,  12.80000,
,,,00.000006150000,  12.80000,
,,,00.000006160000,  12.80000,
,,,00.000006170000,  13.60000,
,,,00.000006180000,  13.60000,
,,,00.000006190000,  13.60000,
,,,00.000006200000,  13.60000,
,,,00.000006210000,  13.60000,
,,,00.000006220000,  13.60000,
,,,00.000006230000,  13.60000,
,,,00.000006240000,  13.60000,
,,,00.000006250000,  13.60000,
,,,00.000006260000,  13.60000,
,,,00.000006270000,  14.40000,
,,,00.000006280000,  14.40000,
,,,00.000006290000,  14.40000,
,,,00.000006300000,  14.40000,
,,,00.000006310000,  14.40000,
,,,00.000006320000,  14.40000,
,,,00.000006330000,  14.40000,
,,,00.000006340000,  14.40000,
,,,00.000006350000,  14.40000,
,,,00.000006360000,  14.40000,
,,,00.000006370000,  14.40000,
,,,00.000006380000,  14.40000,
,,,00.000006390000,  15.20000,
,,,00.000006400000,  15.20000,
,,,00.000006410000,  15.20000,
,,,00.000006420000,  15.20000,
,,,00.000006430000,  15.20000,
,,,00.000006440000,  15.20000,
,,,00.000006450000,  15.20000,
,,,00.000006460000,  15.20000,
,,,00.000006470000,  15.20000,
,,,00.000006480000,  15.20000,
,,,00.000006490000,  15.20000,
,,,00.000006500000,  16.00000,
,,,00.000006510000,  15.20000,
,,,00.000006520000,  16.00000,
,,,00.000006530000,  16.00000,
,,,00.000006540000,  16.00000,
,,,00.000006550000,  16.00000,
,,,00.000006560000,  16.00000,
,,,00.000006570000,  16.00000,
,,,00.000006580000,  16.00000,
,,,00.000006590000,  16.00000,
,,,00.000006600000,  16.00000,
,,,00.000006610000,  16.00000,
,,,00.000006620000,  16.00000,
,,,00.000006630000,  16.80000,
,,,00.000006640000,  16.80000,
,,,00.000006650000,  16.80000,
,,,00.000006660000,  16.80000,
,,,00.000006670000,  16.80000,
,,,00.000006680000,  16.80000,
,,,00.000006690000,  16.80000,
,,,00.000006700000,  16.80000,
,,,00.000006710000,  16.80000,
,,,00.000006720000,  16.80000,
,,,00.000006730000,  16.80000,
,,,00.000006740000,  17.60000,
,,,00.000006750000,  17.60000,
,,,00.000006760000,  17.60000,
,,,00.000006770000,  17.60000,
,,,00.000006780000,  17.60000,
,,,00.000006790000,  17.60000,
,,,00.000006800000,  17.60000,
,,,00.000006810000,  17.60000,
,,,00.000006820000,  17.60000,
,,,00.000006830000,  17.60000,
,,,00.000006840000,  17.60000,
,,,00.000006850000,  17.60000,
,,,00.000006860000,  18.40000,
,,,00.000006870000,  18.40000,
,,,00.000006880000,  18.40000,
,,,00.000006890000,  18.40000,
,,,00.000006900000,  18.40000,
,,,00.000006910000,  18.40000,
,,,00.000006920000,  18.40000,
,,,00.000006930000,  18.40000,
,,,00.000006940000,  18.40000,
,,,00.000006950000,  18.40000,
,,,00.000006960000,  18.40000,
,,,00.000006970000,  18.40000,
,,,00.000006980000,  19.20000,
,,,00.000006990000,  19.20000,
,,,00.000007000000,  19.20000,
,,,00.000007010000,  19.20000,
,,,00.000007020000,  19.20000,
,,,00.000007030000,  19.20000,
,,,00.000007040000,  19.20000,
,,,00.000007050000,  19.20000,
,,,00.000007060000,  19.20000,
,,,00.000007070000,  19.20000,
,,,00.000007080000,  19.20000,
,,,00.000007090000,  19.20000,
,,,00.000007100000,  19.20000,
,,,00.000007110000,  20.00000,
,,,00.000007120000,  20.00000,
,,,00.000007130000,  20.00000,
,,,00.000007140000,  20.00000,
,,,00.000007150000,  20.00000,
,,,00.000007160000,  20.00000,
,,,00.000007170000,  20.00000,
,,,00.000007180000,  20.00000,
,,,00.000007190000,  20.00000,
,,,00.000007200000,  20.00000,
,,,00.000007210000,  20.00000,
,,,00.000007220000,  20.00000,
,,,00.000007230000,  20.00000,
,,,00.000007240000,  20.80000,
,,,00.000007250000,  20.80000,
,,,00.000007260000,  20.80000,
,,,00.000007270000,  20.80000,
,,,00.000007280000,  20.80000,
,,,00.000007290000,  20.80000,
,,,00.000007300000,  20.80000,
,,,00.000007310000,  20.80000,
,,,00.000007320000,  20.80000,
,,,00.000007330000,  20.80000,
,,,00.000007340000,  20.80000,
,,,00.000007350000,  20.80000,
,,,00.000007360000,  20.80000,
,,,00.000007370000,  20.80000,
,,,00.000007380000,  21.60000,
,,,00.000007390000,  21.60000,
,,,00.000007400000,  21.60000,
,,,00.000007410000,  21.60000,
,,,00.000007420000,  21.60000,
,,,00.000007430000,  21.60000,
,,,00.000007440000,  21.60000,
,,,00.000007450000,  21.60000,
,,,00.000007460000,  21.60000,
,,,00.000007470000,  21.60000,
,,,00.000007480000,  21.60000,
,,,00.000007490000,  21.60000,
,,,00.000007500000,  22.40000,
,,,00.000007510000,  22.40000,
,,,00.000007520000,  22.40000,
,,,00.000007530000,  22.40000,
,,,00.000007540000,  22.40000,
,,,00.000007550000,  22.40000,
,,,00.000007560000,  22.40000,
,,,00.000007570000,  22.40000,
,,,00.000007580000,  22.40000,
,,,00.000007590000,  22.40000,
,,,00.000007600000,  22.40000,
,,,00.000007610000,  22.40000,
,,,00.000007620000,  22.40000,
,,,00.000007630000,  22.40000,
,,,00.000007640000,  22.40000,
,,,00.000007650000,  23.20000,
,,,00.000007660000,  23.20000,
,,,00.000007670000,  23.20000,
,,,00.000007680000,  23.20000,
,,,00.000007690000,  23.20000,
,,,00.000007700000,  23.20000,
,,,00.000007710000,  23.20000,
,,,00.000007720000,  23.20000,
,,,00.000007730000,  23.20000,
,,,00.000007740000,  23.20000,
,,,00.000007750000,  23.20000,
,,,00.000007760000,  23.20000,
,,,00.000007770000,  23.20000,
,,,00.000007780000,  23.20000,
,,,00.000007790000,  24.00000,
,,,00.000007800000,  23.20000,
,,,00.000007810000,  24.00000,
,,,00.000007820000,  24.00000,
,,,00.000007830000,  24.00000,
,,,00.000007840000,  24.00000,
,,,00.000007850000,  24.00000,
,,,00.000007860000,  24.00000,
,,,00.000007870000,  24.00000,
,,,00.000007880000,  24.00000,
,,,00.000007890000,  24.00000,
,,,00.000007900000,  24.00000,
,,,00.000007910000,  24.00000,
,,,00.000007920000,  24.00000,
,,,00.000007930000,  24.00000,
,,,00.000007940000,  24.80000,
,,,00.000007950000,  24.00000,
,,,00.000007960000,  24.80000,
,,,00.000007970000,  24.80000,
,,,00.000007980000,  24.80000,
,,,00.000007990000,  24.80000,
,,,00.000008000000,  24.80000,
,,,00.000008010000,  24.80000,
,,,00.000008020000,  24.80000,
,,,00.000008030000,  24.80000,
,,,00.000008040000,  24.80000,
,,,00.000008050000,  24.80000,
,,,00.000008060000,  24.80000,
,,,00.000008070000,  24.80000,
,,,00.000008080000,  24.80000,
,,,00.000008090000,  24.80000,
,,,00.000008100000,  25.60000,
,,,00.000008110000,  25.60000,
,,,00.000008120000,  25.60000,
,,,00.000008130000,  25.60000,
,,,00.000008140000,  25.60000,
,,,00.000008150000,  25.60000,
,,,00.000008160000,  25.60000,
,,,00.000008170000,  25.60000,
,,,00.000008180000,  25.60000,
,,,00.000008190000,  25.60000,
,,,00.000008200000,  25.60000,
,,,00.000008210000,  25.60000,
,,,00.000008220000,  25.60000,
,,,00.000008230000,  25.60000,
,,,00.000008240000,  25.60000,
,,,00.000008250000,  25.60000,
,,,00.000008260000,  26.40000,
,,,00.000008270000,  26.40000,
,,,00.000008280000,  26.40000,
,,,00.000008290000,  26.40000,
,,,00.000008300000,  26.40000,
,,,00.000008310000,  26.40000,
,,,00.000008320000,  26.40000,
,,,00.000008330000,  26.40000,
,,,00.000008340000,  26.40000,
,,,00.000008350000,  26.40000,
,,,00.000008360000,  26.40000,
,,,00.000008370000,  26.40000,
,,,00.000008380000,  26.40000,
,,,00.000008390000,  26.40000,
,,,00.000008400000,  26.40000,
,,,00.000008410000,  27.20000,
,,,00.000008420000,  27.20000,
,,,00.000008430000,  27.20000,
,,,00.000008440000,  27.20000,
,,,00.000008450000,  27.20000,
,,,00.000008460000,  27.20000,
,,,00.000008470000,  27.20000,
,,,00.000008480000,  27.20000,
,,,00.000008490000,  27.20000,
,,,00.000008500000,  27.20000,
,,,00.000008510000,  27.20000,
,,,00.000008520000,  27.20000,
,,,00.000008530000,  27.20000,
,,,00.000008540000,  27.20000,
,,,00.000008550000,  27.20000,
,,,00.000008560000,  27.20000,
,,,00.000008570000,  27.20000,
,,,00.000008580000,  28.00000,
,,,00.000008590000,  27.20000,
,,,00.000008600000,  28.00000,
,,,00.000008610000,  28.00000,
,,,00.000008620000,  28.00000,
,,,00.000008630000,  28.00000,
,,,00.000008640000,  28.00000,
,,,00.000008650000,  28.00000,
,,,00.000008660000,  28.00000,
,,,00.000008670000,  28.00000,
,,,00.000008680000,  28.00000,
,,,00.000008690000,  28.00000,
,,,00.000008700000,  28.00000,
,,,00.000008710000,  28.00000,
,,,00.000008720000,  28.00000,
,,,00.000008730000,  28.00000,
,,,00.000008740000,  28.80000,
,,,00.000008750000,  28.80000,
,,,00.000008760000,  28.80000,
,,,00.000008770000,  28.80000,
,,,00.000008780000,  28.80000,
,,,00.000008790000,  28.80000,
,,,00.000008800000,  28.80000,
,,,00.000008810000,  28.80000,
,,,00.000008820000,  28.80000,
,,,00.000008830000,  28.80000,
,,,00.000008840000,  28.80000,
,,,00.000008850000,  28.80000,
,,,00.000008860000,  28.80000,
,,,00.000008870000,  28.80000,
,,,00.000008880000,  28.80000,
,,,00.000008890000,  28.80000,
,,,00.000008900000,  28.80000,
,,,00.000008910000,  29.60000,
,,,00.000008920000,  29.60000,
,,,00.000008930000,  29.60000,
,,,00.000008940000,  29.60000,
,,,00.000008950000,  29.60000,
,,,00.000008960000,  29.60000,
,,,00.000008970000,  29.60000,
,,,00.000008980000,  29.60000,
,,,00.000008990000,  29.60000,
,,,00.000009000000,  29.60000,
,,,00.000009010000,  29.60000,
,,,00.000009020000,  29.60000,
,,,00.000009030000,  29.60000,
,,,00.000009040000,  29.60000,
,,,00.000009050000,  29.60000,
,,,00.000009060000,  29.60000,
,,,00.000009070000,  29.60000,
,,,00.000009080000,  29.60000,
,,,00.000009090000,  30.40000,
,,,00.000009100000,  30.40000,
,,,00.000009110000,  30.40000,
,,,00.000009120000,  30.40000,
,,,00.000009130000,  30.40000,
,,,00.000009140000,  30.40000,
,,,00.000009150000,  30.40000,
,,,00.000009160000,  30.40000,
,,,00.000009170000,  30.40000,
,,,00.000009180000,  30.40000,
,,,00.000009190000,  30.40000,
,,,00.000009200000,  30.40000,
,,,00.000009210000,  30.40000,
,,,00.000009220000,  30.40000,
,,,00.000009230000,  30.40000,
,,,00.000009240000,  30.40000,
,,,00.000009250000,  30.40000,
,,,00.000009260000,  30.40000,
,,,00.000009270000,  30.40000,
,,,00.000009280000,  31.20000,
,,,00.000009290000,  31.20000,
,,,00.000009300000,  31.20000,
,,,00.000009310000,  31.20000,
,,,00.000009320000,  31.20000,
,,,00.000009330000,  31.20000,
,,,00.000009340000,  31.20000,
,,,00.000009350000,  31.20000,
,,,00.000009360000,  31.20000,
,,,00.000009370000,  31.20000,
,,,00.000009380000,  31.20000,
,,,00.000009390000,  31.20000,
,,,00.000009400000,  31.20000,
,,,00.000009410000,  31.20000,
,,,00.000009420000,  31.20000,
,,,00.000009430000,  31.20000,
,,,00.000009440000,  31.20000,
,,,00.000009450000,  31.20000,
,,,00.000009460000,  32.00000,
,,,00.000009470000,  32.00000,
,,,00.000009480000,  32.00000,
,,,00.000009490000,  32.00000,
,,,00.000009500000,  32.00000,
,,,00.000009510000,  32.00000,
,,,00.000009520000,  32.00000,
,,,00.000009530000,  32.00000,
,,,00.000009540000,  32.00000,
,,,00.000009550000,  32.00000,
,,,00.000009560000,  32.00000,
,,,00.000009570000,  32.00000,
,,,00.000009580000,  32.00000,
,,,00.000009590000,  32.00000,
,,,00.000009600000,  32.00000,
,,,00.000009610000,  32.00000,
,,,00.000009620000,  32.00000,
,,,00.000009630000,  32.00000,
,,,00.000009640000,  32.00000,
,,,00.000009650000,  32.00000,
,,,00.000009660000,  32.80000,
,,,00.000009670000,  32.80000,
,,,00.000009680000,  32.80000,
,,,00.000009690000,  32.80000,
,,,00.000009700000,  32.80000,
,,,00.000009710000,  32.80000,
,,,00.000009720000,  32.80000,
,,,00.000009730000,  32.80000,
,,,00.000009740000,  32.80000,
,,,00.000009750000,  32.80000,
,,,00.000009760000,  32.80000,
,,,00.000009770000,  32.80000,
,,,00.000009780000,  32.80000,
,,,00.000009790000,  32.80000,
,,,00.000009800000,  32.80000,
,,,00.000009810000,  32.80000,
,,,00.000009820000,  32.80000,
,,,00.000009830000,  32.80000,
,,,00.000009840000,  32.80000,
,,,00.000009850000,  32.80000,
,,,00.000009860000,  33.60000,
,,,00.000009870000,  33.60000,
,,,00.000009880000,  33.60000,
,,,00.000009890000,  33.60000,
,,,00.000009900000,  33.60000,
,,,00.000009910000,  33.60000,
,,,00.000009920000,  33.60000,
,,,00.000009930000,  33.60000,
,,,00.000009940000,  33.60000,
,,,00.000009950000,  33.60000,
,,,00.000009960000,  33.60000,
,,,00.000009970000,  33.60000,
,,,00.000009980000,  33.60000,
,,,00.000009990000,  33.60000,
,,,00.000010000000,  33.60000,
,,,00.000010010000,  33.60000,
,,,00.000010020000,  33.60000,
,,,00.000010030000,  33.60000,
,,,00.000010040000,  33.60000,
,,,00.000010050000,  33.60000,
,,,00.000010060000,  33.60000,
,,,00.000010070000,  33.60000,
,,,00.000010080000,  33.60000,
,,,00.000010090000,  34.40000,
,,,00.000010100000,  34.40000,
,,,00.000010110000,  34.40000,
,,,00.000010120000,  34.40000,
,,,00.000010130000,  34.40000,
,,,00.000010140000,  34.40000,
,,,00.000010150000,  34.40000,
,,,00.000010160000,  34.40000,
,,,00.000010170000,  34.40000,
,,,00.000010180000,  34.40000,
,,,00.000010190000,  34.40000,
,,,00.000010200000,  34.40000,
,,,00.000010210000,  34.40000,
,,,00.000010220000,  34.40000,
,,,00.000010230000,  34.40000,
,,,00.000010240000,  34.40000,
,,,00.000010250000,  34.40000,
,,,00.000010260000,  34.40000,
,,,00.000010270000,  34.40000,
,,,00.000010280000,  34.40000,
,,,00.000010290000,  34.40000,
,,,00.000010300000,  34.40000,
,,,00.000010310000,  34.40000,
,,,00.000010320000,  35.20000,
,,,00.000010330000,  35.20000,
,,,00.000010340000,  35.20000,
,,,00.000010350000,  35.20000,
,,,00.000010360000,  35.20000,
,,,00.000010370000,  35.20000,
,,,00.000010380000,  35.20000,
,,,00.000010390000,  35.20000,
,,,00.000010400000,  35.20000,
,,,00.000010410000,  35.20000,
,,,00.000010420000,  35.20000,
,,,00.000010430000,  35.20000,
,,,00.000010440000,  35.20000,
,,,00.000010450000,  35.20000,
,,,00.000010460000,  35.20000,
,,,00.000010470000,  35.20000,
,,,00.000010480000,  35.20000,
,,,00.000010490000,  35.20000,
,,,00.000010500000,  35.20000,
,,,00.000010510000,  35.20000,
,,,00.000010520000,  35.20000,
,,,00.000010530000,  35.20000,
,,,00.000010540000,  36.00000,
,,,00.000010550000,  36.00000,
,,,00.000010560000,  36.00000,
,,,00.000010570000,  36.00000,
,,,00.000010580000,  36.00000,
,,,00.000010590000,  36.00000,
,,,00.000010600000,  36.00000,
,,,00.000010610000,  36.00000,
,,,00.000010620000,  36.00000,
,,,00.000010630000,  36.00000,
,,,00.000010640000,  36.00000,
,,,00.000010650000,  36.00000,
,,,00.000010660000,  36.00000,
,,,00.000010670000,  36.00000,
,,,00.000010680000,  36.00000,
,,,00.000010690000,  36.00000,
,,,00.000010700000,  36.00000,
,,,00.000010710000,  36.00000,
,,,00.000010720000,  36.00000,
,,,00.000010730000,  36.00000,
,,,00.000010740000,  36.00000,
,,,00.000010750000,  36.00000,
,,,00.000010760000,  36.00000,
,,,00.000010770000,  36.00000,
,,,00.000010780000,  36.80000,
,,,00.000010790000,  36.00000,
,,,00.000010800000,  36.80000,
,,,00.000010810000,  36.80000,
,,,00.000010820000,  36.80000,
,,,00.000010830000,  36.80000,
,,,00.000010840000,  36.80000,
,,,00.000010850000,  36.80000,
,,,00.000010860000,  36.80000,
,,,00.000010870000,  36.80000,
,,,00.000010880000,  36.80000,
,,,00.000010890000,  36.80000,
,,,00.000010900000,  36.80000,
,,,00.000010910000,  36.80000,
,,,00.000010920000,  36.80000,
,,,00.000010930000,  36.80000,
,,,00.000010940000,  36.80000,
,,,00.000010950000,  36.80000,
,,,00.000010960000,  36.80000,
,,,00.000010970000,  36.80000,
,,,00.000010980000,  36.80000,
,,,00.000010990000,  36.80000,
,,,00.000011000000,  36.80000,
,,,00.000011010000,  36.80000,
,,,00.000011020000,  36.80000,
,,,00.000011030000,  37.60000,
,,,00.000011040000,  37.60000,
,,,00.000011050000,  37.60000,
,,,00.000011060000,  37.60000,
,,,00.000011070000,  37.60000,
,,,00.000011080000,  37.60000,
,,,00.000011090000,  37.60000,
,,,00.000011100000,  37.60000,
,,,00.000011110000,  37.60000,
,,,00.000011120000,  37.60000,
,,,00.000011130000,  37.60000,
,,,00.000011140000,  37.60000,
,,,00.000011150000,  37.60000,
,,,00.000011160000,  37.60000,
,,,00.000011170000,  37.60000,
,,,00.000011180000,  37.60000,
,,,00.000011190000,  37.60000,
,,,00.000011200000,  37.60000,
,,,00.000011210000,  37.60000,
,,,00.000011220000,  37.60000,
,,,00.000011230000,  37.60000,
,,,00.000011240000,  37.60000,
,,,00.000011250000,  37.60000,
,,,00.000011260000,  37.60000,
,,,00.000011270000,  37.60000,
,,,00.000011280000,  37.60000,
,,,00.000011290000,  37.60000,
,,,00.000011300000,  38.40000,
,,,00.000011310000,  38.40000,
,,,00.000011320000,  38.40000,
,,,00.000011330000,  38.40000,
,,,00.000011340000,  38.40000,
,,,00.000011350000,  38.40000,
,,,00.000011360000,  38.40000,
,,,00.000011370000,  38.40000,
,,,00.000011380000,  38.40000,
,,,00.000011390000,  38.40000,
,,,00.000011400000,  38.40000,
,,,00.000011410000,  38.40000,
,,,00.000011420000,  38.40000,
,,,00.000011430000,  38.40000,
,,,00.000011440000,  38.40000,
,,,00.000011450000,  38.40000,
,,,00.000011460000,  38.40000,
,,,00.000011470000,  38.40000,
,,,00.000011480000,  38.40000,
,,,00.000011490000,  38.40000,
,,,00.000011500000,  38.40000,
,,,00.000011510000,  38.40000,
,,,00.000011520000,  38.40000,
,,,00.000011530000,  38.40000,
,,,00.000011540000,  38.40000,
,,,00.000011550000,  38.40000,
,,,00.000011560000,  39.20000,
,,,00.000011570000,  39.20000,
,,,00.000011580000,  39.20000,
,,,00.000011590000,  39.20000,
,,,00.000011600000,  39.20000,
,,,00.000011610000,  39.20000,
,,,00.000011620000,  39.20000,
,,,00.000011630000,  39.20000,
,,,00.000011640000,  39.20000,
,,,00.000011650000,  39.20000,
,,,00.000011660000,  39.20000,
,,,00.000011670000,  39.20000,
,,,00.000011680000,  39.20000,
,,,00.000011690000,  39.20000,
,,,00.000011700000,  39.20000,
,,,00.000011710000,  39.20000,
,,,00.000011720000,  39.20000,
,,,00.000011730000,  39.20000,
,,,00.000011740000,  39.20000,
,,,00.000011750000,  39.20000,
,,,00.000011760000,  39.20000,
,,,00.000011770000,  39.20000,
,,,00.000011780000,  39.20000,
,,,00.000011790000,  39.20000,
,,,00.000011800000,  39.20000,
,,,00.000011810000,  39.20000,
,,,00.000011820000,  39.20000,
,,,00.000011830000,  40.00000,
,,,00.000011840000,  40.00000,
,,,00.000011850000,  39.20000,
,,,00.000011860000,  40.00000,
,,,00.000011870000,  40.00000,
,,,00.000011880000,  40.00000,
,,,00.000011890000,  40.00000,
,,,00.000011900000,  40.00000,
,,,00.000011910000,  40.00000,
,,,00.000011920000,  40.00000,
,,,00.000011930000,  40.00000,
,,,00.000011940000,  40.00000,
,,,00.000011950000,  40.00000,
,,,00.000011960000,  40.00000,
,,,00.000011970000,  40.00000,
,,,00.000011980000,  40.00000,
,,,00.000011990000,  40.00000,
,,,00.000012000000,  40.00000,
,,,00.000012010000,  40.00000,
,,,00.000012020000,  40.00000,
,,,00.000012030000,  40.00000,
,,,00.000012040000,  40.00000,
,,,00.000012050000,  40.00000,
,,,00.000012060000,  40.00000,
,,,00.000012070000,  40.00000,
,,,00.000012080000,  40.00000,
,,,00.000012090000,  40.00000,
,,,00.000012100000,  40.00000,
,,,00.000012110000,  40.00000,
,,,00.000012120000,  40.00000,
,,,00.000012130000,  40.00000,
,,,00.000012140000,  40.00000,
,,,00.000012150000,  40.80000,
,,,00.000012160000,  40.80000,
,,,00.000012170000,  40.80000,
,,,00.000012180000,  40.80000,
,,,00.000012190000,  40.80000,
,,,00.000012200000,  40.80000,
,,,00.000012210000,  40.80000,
,,,00.000012220000,  40.80000,
,,,00.000012230000,  40.80000,
,,,00.000012240000,  40.80000,
,,,00.000012250000,  40.80000,
,,,00.000012260000,  40.80000,
,,,00.000012270000,  40.80000,
,,,00.000012280000,  40.80000,
,,,00.000012290000,  40.80000,
,,,00.000012300000,  40.80000,
,,,00.000012310000,  40.80000,
,,,00.000012320000,  40.80000,
,,,00.000012330000,  40.80000,
,,,00.000012340000,  40.80000,
,,,00.000012350000,  40.80000,
,,,00.000012360000,  40.80000,
,,,00.000012370000,  40.80000,
,,,00.000012380000,  40.80000,
,,,00.000012390000,  40.80000,
,,,00.000012400000,  40.80000,
,,,00.000012410000,  40.80000,
,,,00.000012420000,  40.80000,
,,,00.000012430000,  40.80000,
,,,00.000012440000,  41.60000,
,,,00.000012450000,  40.80000,
,,,00.000012460000,  40.80000,
,,,00.000012470000,  40.80000,
,,,00.000012480000,  41.60000,
,,,00.000012490000,  41.60000,
,,,00.000012500000,  41.60000,
,,,00.000012510000,  41.60000,
,,,00.000012520000,  41.60000,
,,,00.000012530000,  41.60000,
,,,00.000012540000,  41.60000,
,,,00.000012550000,  41.60000,
,,,00.000012560000,  41.60000,
,,,00.000012570000,  41.60000,
,,,00.000012580000,  41.60000,
,,,00.000012590000,  41.60000,
,,,00.000012600000,  41.60000,
,,,00.000012610000,  41.60000,
,,,00.000012620000,  41.60000,
,,,00.000012630000,  41.60000,
,,,00.000012640000,  41.60000,
,,,00.000012650000,  41.60000,
,,,00.000012660000,  41.60000,
,,,00.000012670000,  41.60000,
,,,00.000012680000,  41.60000,
,,,00.000012690000,  41.60000,
,,,00.000012700000,  41.60000,
,,,00.000012710000,  41.60000,
,,,00.000012720000,  41.60000,
,,,00.000012730000,  41.60000,
,,,00.000012740000,  41.60000,
,,,00.000012750000,  41.60000,
,,,00.000012760000,  41.60000,
,,,00.000012770000,  41.60000,
,,,00.000012780000,  41.60000,
,,,00.000012790000,  41.60000,
,,,00.000012800000,  42.40000,
,,,00.000012810000,  42.40000,
,,,00.000012820000,  42.40000,
,,,00.000012830000,  42.40000,
,,,00.000012840000,  42.40000,
,,,00.000012850000,  42.40000,
,,,00.000012860000,  42.40000,
,,,00.000012870000,  42.40000,
,,,00.000012880000,  42.40000,
,,,00.000012890000,  42.40000,
,,,00.000012900000,  42.40000,
,,,00.000012910000,  42.40000,
,,,00.000012920000,  42.40000,
,,,00.000012930000,  42.40000,
,,,00.000012940000,  42.40000,
,,,00.000012950000,  42.40000,
,,,00.000012960000,  42.40000,
,,,00.000012970000,  42.40000,
,,,00.000012980000,  42.40000,
,,,00.000012990000,  42.40000,
,,,00.000013000000,  42.40000,
,,,00.000013010000,  42.40000,
,,,00.000013020000,  42.40000,
,,,00.000013030000,  42.40000,
,,,00.000013040000,  42.40000,
,,,00.000013050000,  42.40000,
,,,00.000013060000,  42.40000,
,,,00.000013070000,  42.40000,
,,,00.000013080000,  42.40000,
,,,00.000013090000,  42.40000,
,,,00.000013100000,  42.40000,
,,,00.000013110000,  42.40000,
,,,00.000013120000,  42.40000,
,,,00.000013130000,  42.40000,
,,,00.000013140000,  42.40000,
,,,00.000013150000,  43.20000,
,,,00.000013160000,  42.40000,
,,,00.000013170000,  42.40000,
,,,00.000013180000,  42.40000,
,,,00.000013190000,  43.20000,
,,,00.000013200000,  43.20000,
,,,00.000013210000,  43.20000,
,,,00.000013220000,  43.20000,
,,,00.000013230000,  43.20000,
,,,00.000013240000,  43.20000,
,,,00.000013250000,  43.20000,
,,,00.000013260000,  43.20000,
,,,00.000013270000,  43.20000,
,,,00.000013280000,  43.20000,
,,,00.000013290000,  43.20000,
,,,00.000013300000,  43.20000,
,,,00.000013310000,  43.20000,
,,,00.000013320000,  43.20000,
,,,00.000013330000,  43.20000,
,,,00.000013340000,  43.20000,
,,,00.000013350000,  43.20000,
,,,00.000013360000,  43.20000,
,,,00.000013370000,  43.20000,
,,,00.000013380000,  43.20000,
,,,00.000013390000,  43.20000,
,,,00.000013400000,  43.20000,
,,,00.000013410000,  43.20000,
,,,00.000013420000,  43.20000,
,,,00.000013430000,  43.20000,
,,,00.000013440000,  43.20000,
,,,00.000013450000,  43.20000,
,,,00.000013460000,  43.20000,
,,,00.000013470000,  43.20000,
,,,00.000013480000,  43.20000,
,,,00.000013490000,  43.20000,
,,,00.000013500000,  43.20000,
,,,00.000013510000,  43.20000,
,,,00.000013520000,  43.20000,
,,,00.000013530000,  44.00000,
,,,00.000013540000,  43.20000,
,,,00.000013550000,  44.00000,
,,,00.000013560000,  44.00000,
,,,00.000013570000,  44.00000,
,,,00.000013580000,  44.00000,
,,,00.000013590000,  44.00000,
,,,00.000013600000,  44.00000,
,,,00.000013610000,  44.00000,
,,,00.000013620000,  44.00000,
,,,00.000013630000,  44.00000,
,,,00.000013640000,  44.00000,
,,,00.000013650000,  44.00000,
,,,00.000013660000,  44.00000,
,,,00.000013670000,  44.00000,
,,,00.000013680000,  44.00000,
,,,00.000013690000,  44.00000,
,,,00.000013700000,  44.00000,
,,,00.000013710000,  44.00000,
,,,00.000013720000,  44.00000,
,,,00.000013730000,  44.00000,
,,,00.000013740000,  44.00000,
,,,00.000013750000,  44.00000,
,,,00.000013760000,  44.00000,
,,,00.000013770000,  44.00000,
,,,00.000013780000,  44.00000,
,,,00.000013790000,  44.00000,
,,,00.000013800000,  44.00000,
,,,00.000013810000,  44.00000,
,,,00.000013820000,  44.00000,
,,,00.000013830000,  44.00000,
,,,00.000013840000,  44.00000,
,,,00.000013850000,  44.00000,
,,,00.000013860000,  44.00000,
,,,00.000013870000,  44.00000,
,,,00.000013880000,  44.00000,
,,,00.000013890000,  44.00000,
,,,00.000013900000,  44.00000,
,,,00.000013910000,  44.00000,
,,,00.000013920000,  44.00000,
,,,00.000013930000,  44.00000,
,,,00.000013940000,  44.80000,
,,,00.000013950000,  44.80000,
,,,00.000013960000,  44.80000,
,,,00.000013970000,  44.80000,
,,,00.000013980000,  44.80000,
,,,00.000013990000,  44.80000,
,,,00.000014000000,  44.80000,
,,,00.000014010000,  44.80000,
,,,00.000014020000,  44.80000,
,,,00.000014030000,  44.80000,
,,,00.000014040000,  44.80000,
,,,00.000014050000,  44.80000,
,,,00.000014060000,  44.80000,
,,,00.000014070000,  44.80000,
,,,00.000014080000,  44.80000,
,,,00.000014090000,  44.80000,
,,,00.000014100000,  44.80000,
,,,00.000014110000,  44.80000,
,,,00.000014120000,  44.80000,
,,,00.000014130000,  44.80000,
,,,00.000014140000,  44.80000,
,,,00.000014150000,  44.80000,
,,,00.000014160000,  44.80000,
,,,00.000014170000,  44.80000,
,,,00.000014180000,  44.80000,
,,,00.000014190000,  44.80000,
,,,00.000014200000,  44.80000,
,,,00.000014210000,  44.80000,
,,,00.000014220000,  44.80000,
,,,00.000014230000,  44.80000,
,,,00.000014240000,  44.80000,
,,,00.000014250000,  44.80000,
,,,00.000014260000,  44.80000,
,,,00.000014270000,  44.80000,
,,,00.000014280000,  44.80000,
,,,00.000014290000,  44.80000,
,,,00.000014300000,  44.80000,
,,,00.000014310000,  44.80000,
,,,00.000014320000,  44.80000,
,,,00.000014330000,  44.80000,
,,,00.000014340000,  44.80000,
,,,00.000014350000,  44.80000,
,,,00.000014360000,  44.80000,
,,,00.000014370000,  45.60000,
,,,00.000014380000,  44.80000,
,,,00.000014390000,  45.60000,
,,,00.000014400000,  45.60000,
,,,00.000014410000,  45.60000,
,,,00.000014420000,  45.60000,
,,,00.000014430000,  45.60000,
,,,00.000014440000,  45.60000,
,,,00.000014450000,  45.60000,
,,,00.000014460000,  45.60000,
,,,00.000014470000,  45.60000,
,,,00.000014480000,  45.60000,
,,,00.000014490000,  45.60000,
,,,00.000014500000,  45.60000,
,,,00.000014510000,  45.60000,
,,,00.000014520000,  45.60000,
,,,00.000014530000,  45.60000,
,,,00.000014540000,  45.60000,
,,,00.000014550000,  45.60000,
,,,00.000014560000,  45.60000,
,,,00.000014570000,  45.60000,
,,,00.000014580000,  45.60000,
,,,00.000014590000,  45.60000,
,,,00.000014600000,  45.60000,
,,,00.000014610000,  45.60000,
,,,00.000014620000,  45.60000,
,,,00.000014630000,  45.60000,
,,,00.000014640000,  45.60000,
,,,00.000014650000,  45.60000,
,,,00.000014660000,  45.60000,
,,,00.000014670000,  45.60000,
,,,00.000014680000,  45.60000,
,,,00.000014690000,  45.60000,
,,,00.000014700000,  45.60000,
,,,00.000014710000,  45.60000,
,,,00.000014720000,  45.60000,
,,,00.000014730000,  45.60000,
,,,00.000014740000,  45.60000,
,,,00.000014750000,  45.60000,
,,,00.000014760000,  45.60000,
,,,00.000014770000,  45.60000,
,,,00.000014780000,  45.60000,
,,,00.000014790000,  45.60000,
,,,00.000014800000,  45.60000,
,,,00.000014810000,  45.60000,
,,,00.000014820000,  45.60000,
,,,00.000014830000,  45.60000,
,,,00.000014840000,  45.60000,
,,,00.000014850000,  46.40000,
,,,00.000014860000,  46.40000,
,,,00.000014870000,  45.60000,
,,,00.000014880000,  46.40000,
,,,00.000014890000,  46.40000,
,,,00.000014900000,  46.40000,
,,,00.000014910000,  46.40000,
,,,00.000014920000,  46.40000,
,,,00.000014930000,  46.40000,
,,,00.000014940000,  46.40000,
,,,00.000014950000,  46.40000,
,,,00.000014960000,  46.40000,
,,,00.000014970000,  46.40000,
,,,00.000014980000,  46.40000,
,,,00.000014990000,  46.40000,
,,,00.000015000000,  46.40000,
,,,00.000015010000,  46.40000,
,,,00.000015020000,  46.40000,
,,,00.000015030000,  46.40000,
,,,00.000015040000,  46.40000,
,,,00.000015050000,  46.40000,
,,,00.000015060000,  46.40000,
,,,00.000015070000,  46.40000,
,,,00.000015080000,  46.40000,
,,,00.000015090000,  46.40000,
,,,00.000015100000,  46.40000,
,,,00.000015110000,  46.40000,
,,,00.000015120000,  46.40000,
,,,00.000015130000,  46.40000,
,,,00.000015140000,  46.40000,
,,,00.000015150000,  46.40000,
,,,00.000015160000,  46.40000,
,,,00.000015170000,  46.40000,
,,,00.000015180000,  46.40000,
,,,00.000015190000,  46.40000,
,,,00.000015200000,  46.40000,
,,,00.000015210000,  46.40000,
,,,00.000015220000,  46.40000,
,,,00.000015230000,  46.40000,
,,,00.000015240000,  46.40000,
,,,00.000015250000,  46.40000,
,,,00.000015260000,  46.40000,
,,,00.000015270000,  46.40000,
,,,00.000015280000,  46.40000,
,,,00.000015290000,  46.40000,
,,,00.000015300000,  46.40000,
,,,00.000015310000,  46.40000,
,,,00.000015320000,  46.40000,
,,,00.000015330000,  46.40000,
,,,00.000015340000,  46.40000,
,,,00.000015350000,  46.40000,
,,,00.000015360000,  46.40000,
,,,00.000015370000,  46.40000,
,,,00.000015380000,  46.40000,
,,,00.000015390000,  46.40000,
,,,00.000015400000,  46.40000,
,,,00.000015410000,  47.20000,
,,,00.000015420000,  47.20000,
,,,00.000015430000,  47.20000,
,,,00.000015440000,  47.20000,
,,,00.000015450000,  47.20000,
,,,00.000015460000,  47.20000,
,,,00.000015470000,  47.20000,
,,,00.000015480000,  47.20000,
,,,00.000015490000,  47.20000,
,,,00.000015500000,  47.20000,
,,,00.000015510000,  47.20000,
,,,00.000015520000,  47.20000,
,,,00.000015530000,  47.20000,
,,,00.000015540000,  47.20000,
,,,00.000015550000,  47.20000,
,,,00.000015560000,  47.20000,
,,,00.000015570000,  47.20000,
,,,00.000015580000,  47.20000,
,,,00.000015590000,  47.20000,
,,,00.000015600000,  47.20000,
,,,00.000015610000,  47.20000,
,,,00.000015620000,  47.20000,
,,,00.000015630000,  47.20000,
,,,00.000015640000,  47.20000,
,,,00.000015650000,  47.20000,
,,,00.000015660000,  47.20000,
,,,00.000015670000,  47.20000,
,,,00.000015680000,  47.20000,
,,,00.000015690000,  47.20000,
,,,00.000015700000,  47.20000,
,,,00.000015710000,  47.20000,
,,,00.000015720000,  47.20000,
,,,00.000015730000,  47.20000,
,,,00.000015740000,  47.20000,
,,,00.000015750000,  47.20000,
,,,00.000015760000,  47.20000,
,,,00.000015770000,  47.20000,
,,,00.000015780000,  47.20000,
,,,00.000015790000,  47.20000,
,,,00.000015800000,  47.20000,
,,,00.000015810000,  47.20000,
,,,00.000015820000,  47.20000,
,,,00.000015830000,  47.20000,
,,,00.000015840000,  47.20000,
,,,00.000015850000,  47.20000,
,,,00.000015860000,  47.20000,
,,,00.000015870000,  47.20000,
,,,00.000015880000,  47.20000,
,,,00.000015890000,  47.20000,
,,,00.000015900000,  47.20000,
,,,00.000015910000,  47.20000,
,,,00.000015920000,  47.20000,
,,,00.000015930000,  48.00000,
,,,00.000015940000,  48.00000,
,,,00.000015950000,  47.20000,
,,,00.000015960000,  47.20000,
,,,00.000015970000,  47.20000,
,,,00.000015980000,  48.00000,
,,,00.000015990000,  48.00000,
,,,00.000016000000,  48.00000,
,,,00.000016010000,  48.00000,
,,,00.000016020000,  48.00000,
,,,00.000016030000,  48.00000,
,,,00.000016040000,  48.00000,
,,,00.000016050000,  48.00000,
,,,00.000016060000,  48.00000,
,,,00.000016070000,  48.00000,
,,,00.000016080000,  48.00000,
,,,00.000016090000,  48.00000,
,,,00.000016100000,  48.00000,
,,,00.000016110000,  48.00000,
,,,00.000016120000,  48.00000,
,,,00.000016130000,  48.00000,
,,,00.000016140000,  48.00000,
,,,00.000016150000,  48.00000,
,,,00.000016160000,  48.00000,
,,,00.000016170000,  48.00000,
,,,00.000016180000,  48.00000,
,,,00.000016190000,  48.00000,
,,,00.000016200000,  48.00000,
,,,00.000016210000,  48.00000,
,,,00.000016220000,  48.00000,
,,,00.000016230000,  48.00000,
,,,00.000016240000,  48.00000,
,,,00.000016250000,  48.00000,
,,,00.000016260000,  48.00000,
,,,00.000016270000,  48.00000,
,,,00.000016280000,  48.00000,
,,,00.000016290000,  48.00000,
,,,00.000016300000,  48.00000,
,,,00.000016310000,  48.00000,
,,,00.000016320000,  48.00000,
,,,00.000016330000,  48.00000,
,,,00.000016340000,  48.00000,
,,,00.000016350000,  48.00000,
,,,00.000016360000,  48.00000,
,,,00.000016370000,  48.00000,
,,,00.000016380000,  48.00000,
,,,00.000016390000,  48.00000,
,,,00.000016400000,  48.00000,
,,,00.000016410000,  48.00000,
,,,00.000016420000,  48.00000,
,,,00.000016430000,  48.00000,
,,,00.000016440000,  48.00000,
,,,00.000016450000,  48.00000,
,,,00.000016460000,  48.00000,
,,,00.000016470000,  48.00000,
,,,00.000016480000,  48.00000,
,,,00.000016490000,  48.00000,
,,,00.000016500000,  48.00000,
,,,00.000016510000,  48.00000,
,,,00.000016520000,  48.00000,
,,,00.000016530000,  48.00000,
,,,00.000016540000,  48.00000,
,,,00.000016550000,  48.00000,
,,,00.000016560000,  48.00000,
,,,00.000016570000,  48.00000,
,,,00.000016580000,  48.00000,
,,,00.000016590000,  48.00000,
,,,00.000016600000,  48.80000,
,,,00.000016610000,  48.80000,
,,,00.000016620000,  48.80000,
,,,00.000016630000,  48.80000,
,,,00.000016640000,  48.80000,
,,,00.000016650000,  48.80000,
,,,00.000016660000,  48.80000,
,,,00.000016670000,  48.80000,
,,,00.000016680000,  48.80000,
,,,00.000016690000,  48.80000,
,,,00.000016700000,  48.80000,
,,,00.000016710000,  48.80000,
,,,00.000016720000,  48.80000,
,,,00.000016730000,  48.80000,
,,,00.000016740000,  48.80000,
,,,00.000016750000,  48.80000,
,,,00.000016760000,  48.80000,
,,,00.000016770000,  48.80000,
,,,00.000016780000,  48.80000,
,,,00.000016790000,  48.80000,
,,,00.000016800000,  48.80000,
,,,00.000016810000,  48.80000,
,,,00.000016820000,  48.80000,
,,,00.000016830000,  48.80000,
,,,00.000016840000,  48.80000,
,,,00.000016850000,  48.80000,
,,,00.000016860000,  48.80000,
,,,00.000016870000,  48.80000,
,,,00.000016880000,  48.80000,
,,,00.000016890000,  48.80000,
,,,00.000016900000,  48.80000,
,,,00.000016910000,  48.80000,
,,,00.000016920000,  48.80000,
,,,00.000016930000,  48.80000,
,,,00.000016940000,  48.80000,
,,,00.000016950000,  48.80000,
,,,00.000016960000,  48.80000,
,,,00.000016970000,  48.80000,
,,,00.000016980000,  48.80000,
,,,00.000016990000,  48.80000,
,,,00.000017000000,  48.80000,
,,,00.000017010000,  48.80000,
,,,00.000017020000,  48.80000,
,,,00.000017030000,  48.80000,
,,,00.000017040000,  48.80000,
,,,00.000017050000,  48.80000,
,,,00.000017060000,  48.80000,
,,,00.000017070000,  48.80000,
,,,00.000017080000,  48.80000,
,,,00.000017090000,  48.80000,
,,,00.000017100000,  48.80000,
,,,00.000017110000,  48.80000,
,,,00.000017120000,  48.80000,
,,,00.000017130000,  48.80000,
,,,00.000017140000,  48.80000,
,,,00.000017150000,  48.80000,
,,,00.000017160000,  48.80000,
,,,00.000017170000,  48.80000,
,,,00.000017180000,  48.80000,
,,,00.000017190000,  48.80000,
,,,00.000017200000,  48.80000,
,,,00.000017210000,  48.80000,
,,,00.000017220000,  48.80000,
,,,00.000017230000,  48.80000,
,,,00.000017240000,  48.80000,
,,,00.000017250000,  48.80000,
,,,00.000017260000,  48.80000,
,,,00.000017270000,  48.80000,
,,,00.000017280000,  48.80000,
,,,00.000017290000,  48.80000,
,,,00.000017300000,  49.60000,
,,,00.000017310000,  48.80000,
,,,00.000017320000,  49.60000,
,,,00.000017330000,  49.60000,
,,,00.000017340000,  49.60000,
,,,00.000017350000,  48.80000,
,,,00.000017360000,  49.60000,
,,,00.000017370000,  49.60000,
,,,00.000017380000,  49.60000,
,,,00.000017390000,  49.60000,
,,,00.000017400000,  49.60000,
,,,00.000017410000,  49.60000,
,,,00.000017420000,  49.60000,
,,,00.000017430000,  49.60000,
,,,00.000017440000,  49.60000,
,,,00.000017450000,  49.60000,
,,,00.000017460000,  49.60000,
,,,00.000017470000,  49.60000,
,,,00.000017480000,  49.60000,
,,,00.000017490000,  49.60000,
,,,00.000017500000,  49.60000,
,,,00.000017510000,  49.60000,
,,,00.000017520000,  49.60000,
,,,00.000017530000,  49.60000,
,,,00.000017540000,  49.60000,
,,,00.000017550000,  49.60000,
,,,00.000017560000,  49.60000,
,,,00.000017570000,  49.60000,
,,,00.000017580000,  49.60000,
,,,00.000017590000,  49.60000,
,,,00.000017600000,  49.60000,
,,,00.000017610000,  49.60000,
,,,00.000017620000,  49.60000,
,,,00.000017630000,  49.60000,
,,,00.000017640000,  49.60000,
,,,00.000017650000,  49.60000,
,,,00.000017660000,  49.60000,
,,,00.000017670000,  49.60000,
,,,00.000017680000,  49.60000,
,,,00.000017690000,  49.60000,
,,,00.000017700000,  49.60000,
,,,00.000017710000,  49.60000,
,,,00.000017720000,  49.60000,
,,,00.000017730000,  49.60000,
,,,00.000017740000,  49.60000,
,,,00.000017750000,  49.60000,
,,,00.000017760000,  49.60000,
,,,00.000017770000,  49.60000,
,,,00.000017780000,  49.60000,
,,,00.000017790000,  49.60000,
,,,00.000017800000,  49.60000,
,,,00.000017810000,  49.60000,
,,,00.000017820000,  49.60000,
,,,00.000017830000,  49.60000,
,,,00.000017840000,  49.60000,
,,,00.000017850000,  49.60000,
,,,00.000017860000,  49.60000,
,,,00.000017870000,  49.60000,
,,,00.000017880000,  49.60000,
,,,00.000017890000,  49.60000,
,,,00.000017900000,  49.60000,
,,,00.000017910000,  49.60000,
,,,00.000017920000,  49.60000,
,,,00.000017930000,  49.60000,
,,,00.000017940000,  49.60000,
,,,00.000017950000,  49.60000,
,,,00.000017960000,  49.60000,
,,,00.000017970000,  49.60000,
,,,00.000017980000,  49.60000,
,,,00.000017990000,  49.60000,
,,,00.000018000000,  49.60000,
,,,00.000018010000,  49.60000,
,,,00.000018020000,  49.60000,
,,,00.000018030000,  49.60000,
,,,00.000018040000,  49.60000,
,,,00.000018050000,  50.40000,
,,,00.000018060000,  49.60000,
,,,00.000018070000,  49.60000,
,,,00.000018080000,  49.60000,
,,,00.000018090000,  49.60000,
,,,00.000018100000,  49.60000,
,,,00.000018110000,  49.60000,
,,,00.000018120000,  49.60000,
,,,00.000018130000,  49.60000,
,,,00.000018140000,  50.40000,
,,,00.000018150000,  49.60000,
,,,00.000018160000,  50.40000,
,,,00.000018170000,  49.60000,
,,,00.000018180000,  50.40000,
,,,00.000018190000,  50.40000,
,,,00.000018200000,  50.40000,
,,,00.000018210000,  50.40000,
,,,00.000018220000,  50.40000,
,,,00.000018230000,  50.40000,
,,,00.000018240000,  50.40000,
,,,00.000018250000,  50.40000,
,,,00.000018260000,  50.40000,
,,,00.000018270000,  50.40000,
,,,00.000018280000,  50.40000,
,,,00.000018290000,  50.40000,
,,,00.000018300000,  50.40000,
,,,00.000018310000,  50.40000,
,,,00.000018320000,  50.40000,
,,,00.000018330000,  50.40000,
,,,00.000018340000,  50.40000,
,,,00.000018350000,  50.40000,
,,,00.000018360000,  50.40000,
,,,00.000018370000,  50.40000,
,,,00.000018380000,  50.40000,
,,,00.000018390000,  50.40000,
,,,00.000018400000,  50.40000,
,,,00.000018410000,  50.40000,
,,,00.000018420000,  50.40000,
,,,00.000018430000,  50.40000,
,,,00.000018440000,  50.40000,
,,,00.000018450000,  50.40000,
,,,00.000018460000,  50.40000,
,,,00.000018470000,  50.40000,
,,,00.000018480000,  50.40000,
,,,00.000018490000,  50.40000,
,,,00.000018500000,  50.40000,
,,,00.000018510000,  50.40000,
,,,00.000018520000,  50.40000,
,,,00.000018530000,  50.40000,
,,,00.000018540000,  50.40000,
,,,00.000018550000,  50.40000,
,,,00.000018560000,  50.40000,
,,,00.000018570000,  50.40000,
,,,00.000018580000,  50.40000,
,,,00.000018590000,  50.40000,
,,,00.000018600000,  50.40000,
,,,00.000018610000,  50.40000,
,,,00.000018620000,  50.40000,
,,,00.000018630000,  50.40000,
,,,00.000018640000,  50.40000,
,,,00.000018650000,  50.40000,
,,,00.000018660000,  50.40000,
,,,00.000018670000,  50.40000,
,,,00.000018680000,  50.40000,
,,,00.000018690000,  50.40000,
,,,00.000018700000,  50.40000,
,,,00.000018710000,  50.40000,
,,,00.000018720000,  50.40000,
,,,00.000018730000,  50.40000,
,,,00.000018740000,  50.40000,
,,,00.000018750000,  50.40000,
,,,00.000018760000,  50.40000,
,,,00.000018770000,  50.40000,
,,,00.000018780000,  50.40000,
,,,00.000018790000,  50.40000,
,,,00.000018800000,  50.40000,
,,,00.000018810000,  50.40000,
,,,00.000018820000,  50.40000,
,,,00.000018830000,  50.40000,
,,,00.000018840000,  50.40000,
,,,00.000018850000,  50.40000,
,,,00.000018860000,  50.40000,
,,,00.000018870000,  50.40000,
,,,00.000018880000,  50.40000,
,,,00.000018890000,  50.40000,
,,,00.000018900000,  50.40000,
,,,00.000018910000,  50.40000,
,,,00.000018920000,  50.40000,
,,,00.000018930000,  50.40000,
,,,00.000018940000,  50.40000,
,,,00.000018950000,  50.40000,
,,,00.000018960000,  50.40000,
,,,00.000018970000,  50.40000,
,,,00.000018980000,  50.40000,
,,,00.000018990000,  50.40000,
,,,00.000019000000,  50.40000,
,,,00.000019010000,  50.40000,
,,,00.000019020000,  50.40000,
,,,00.000019030000,  50.40000,
,,,00.000019040000,  50.40000,
,,,00.000019050000,  50.40000,
,,,00.000019060000,  50.40000,
,,,00.000019070000,  50.40000,
,,,00.000019080000,  51.20000,
,,,00.000019090000,  51.20000,
,,,00.000019100000,  51.20000,
,,,00.000019110000,  50.40000,
,,,00.000019120000,  51.20000,
,,,00.000019130000,  51.20000,
,,,00.000019140000,  51.20000,
,,,00.000019150000,  51.20000,
,,,00.000019160000,  51.20000,
,,,00.000019170000,  51.20000,
,,,00.000019180000,  51.20000,
,,,00.000019190000,  51.20000,
,,,00.000019200000,  51.20000,
,,,00.000019210000,  51.20000,
,,,00.000019220000,  51.20000,
,,,00.000019230000,  51.20000,
,,,00.000019240000,  51.20000,
,,,00.000019250000,  51.20000,
,,,00.000019260000,  51.20000,
,,,00.000019270000,  51.20000,
,,,00.000019280000,  51.20000,
,,,00.000019290000,  51.20000,
,,,00.000019300000,  51.20000,
,,,00.000019310000,  51.20000,
,,,00.000019320000,  51.20000,
,,,00.000019330000,  51.20000,
,,,00.000019340000,  51.20000,
,,,00.000019350000,  51.20000,
,,,00.000019360000,  51.20000,
,,,00.000019370000,  51.20000,
,,,00.000019380000,  51.20000,
,,,00.000019390000,  51.20000,
,,,00.000019400000,  51.20000,
,,,00.000019410000,  51.20000,
,,,00.000019420000,  51.20000,
,,,00.000019430000,  51.20000,
,,,00.000019440000,  51.20000,
,,,00.000019450000,  51.20000,
,,,00.000019460000,  51.20000,
,,,00.000019470000,  51.20000,
,,,00.000019480000,  51.20000,
,,,00.000019490000,  51.20000,
,,,00.000019500000,  51.20000,
,,,00.000019510000,  51.20000,
,,,00.000019520000,  51.20000,
,,,00.000019530000,  51.20000,
,,,00.000019540000,  51.20000,
,,,00.000019550000,  51.20000,
,,,00.000019560000,  51.20000,
,,,00.000019570000,  51.20000,
,,,00.000019580000,  51.20000,
,,,00.000019590000,  51.20000,
,,,00.000019600000,  51.20000,
,,,00.000019610000,  51.20000,
,,,00.000019620000,  51.20000,
,,,00.000019630000,  51.20000,
,,,00.000019640000,  51.20000,
,,,00.000019650000,  51.20000,
,,,00.000019660000,  51.20000,
,,,00.000019670000,  51.20000,
,,,00.000019680000,  51.20000,
,,,00.000019690000,  51.20000,
,,,00.000019700000,  51.20000,
,,,00.000019710000,  51.20000,
,,,00.000019720000,  51.20000,
,,,00.000019730000,  51.20000,
,,,00.000019740000,  51.20000,
,,,00.000019750000,  51.20000,
,,,00.000019760000,  51.20000,
,,,00.000019770000,  51.20000,
,,,00.000019780000,  51.20000,
,,,00.000019790000,  51.20000,
,,,00.000019800000,  51.20000,
,,,00.000019810000,  51.20000,
,,,00.000019820000,  51.20000,
,,,00.000019830000,  51.20000,
,,,00.000019840000,  51.20000,
,,,00.000019850000,  51.20000,
,,,00.000019860000,  51.20000,
,,,00.000019870000,  51.20000,
,,,00.000019880000,  51.20000,
,,,00.000019890000,  51.20000,
,,,00.000019900000,  51.20000,
,,,00.000019910000,  51.20000,
,,,00.000019920000,  51.20000,
,,,00.000019930000,  51.20000,
,,,00.000019940000,  51.20000,
,,,00.000019950000,  51.20000,
,,,00.000019960000,  51.20000,
,,,00.000019970000,  51.20000,
,,,00.000019980000,  51.20000,
,,,00.000019990000,  51.20000,
,,,00.000020000000,  51.20000,
,,,00.000020010000,  51.20000,
,,,00.000020020000,  51.20000,
,,,00.000020030000,  51.20000,
,,,00.000020040000,  51.20000,
,,,00.000020050000,  51.20000,
,,,00.000020060000,  51.20000,
,,,00.000020070000,  51.20000,
,,,00.000020080000,  51.20000,
,,,00.000020090000,  51.20000,
,,,00.000020100000,  51.20000,
,,,00.000020110000,  51.20000,
,,,00.000020120000,  51.20000,
,,,00.000020130000,  51.20000,
,,,00.000020140000,  51.20000,
,,,00.000020150000,  51.20000,
,,,00.000020160000,  51.20000,
,,,00.000020170000,  51.20000,
,,,00.000020180000,  52.00000,
,,,00.000020190000,  51.20000,
,,,00.000020200000,  51.20000,
,,,00.000020210000,  52.00000,
,,,00.000020220000,  51.20000,
,,,00.000020230000,  51.20000,
,,,00.000020240000,  52.00000,
,,,00.000020250000,  51.20000,
,,,00.000020260000,  52.00000,
,,,00.000020270000,  52.00000,
,,,00.000020280000,  52.00000,
,,,00.000020290000,  52.00000,
,,,00.000020300000,  52.00000,
,,,00.000020310000,  52.00000,
,,,00.000020320000,  52.00000,
,,,00.000020330000,  52.00000,
,,,00.000020340000,  52.00000,
,,,00.000020350000,  52.00000,
,,,00.000020360000,  52.00000,
,,,00.000020370000,  52.00000,
,,,00.000020380000,  52.00000,
,,,00.000020390000,  52.00000,
,,,00.000020400000,  52.00000,
,,,00.000020410000,  52.00000,
,,,00.000020420000,  52.00000,
,,,00.000020430000,  52.00000,
,,,00.000020440000,  52.00000,
,,,00.000020450000,  52.00000,
,,,00.000020460000,  52.00000,
,,,00.000020470000,  52.00000,
,,,00.000020480000,  52.00000,
,,,00.000020490000,  52.00000,
,,,00.000020500000,  52.00000,
,,,00.000020510000,  52.00000,
,,,00.000020520000,  52.00000,
,,,00.000020530000,  52.00000,
,,,00.000020540000,  52.00000,
,,,00.000020550000,  52.00000,
,,,00.000020560000,  52.00000,
,,,00.000020570000,  52.00000,
,,,00.000020580000,  52.00000,
,,,00.000020590000,  52.00000,
,,,00.000020600000,  52.00000,
,,,00.000020610000,  52.00000,
,,,00.000020620000,  52.00000,
,,,00.000020630000,  52.00000,
,,,00.000020640000,  52.00000,
,,,00.000020650000,  52.00000,
,,,00.000020660000,  52.00000,
,,,00.000020670000,  52.00000,
,,,00.000020680000,  52.00000,
,,,00.000020690000,  52.00000,
,,,00.000020700000,  52.00000,
,,,00.000020710000,  52.00000,
,,,00.000020720000,  52.00000,
,,,00.000020730000,  52.00000,
,,,00.000020740000,  52.00000,
,,,00.000020750000,  52.00000,
,,,00.000020760000,  52.00000,
,,,00.000020770000,  52.00000,
,,,00.000020780000,  52.00000,
,,,00.000020790000,  52.00000,
,,,00.000020800000,  52.00000,
,,,00.000020810000,  52.00000,
,,,00.000020820000,  52.00000,
,,,00.000020830000,  52.00000,
,,,00.000020840000,  52.00000,
,,,00.000020850000,  52.00000,
,,,00.000020860000,  52.00000,
,,,00.000020870000,  52.00000,
,,,00.000020880000,  52.00000,
,,,00.000020890000,  52.00000,
,,,00.000020900000,  52.00000,
,,,00.000020910000,  52.00000,
,,,00.000020920000,  52.00000,
,,,00.000020930000,  52.00000,
,,,00.000020940000,  52.00000,
,,,00.000020950000,  52.00000,
,,,00.000020960000,  52.00000,
,,,00.000020970000,  52.00000,
,,,00.000020980000,  52.00000,
,,,00.000020990000,  52.00000,
,,,00.000021000000,  52.00000,
,,,00.000021010000,  52.00000,
,,,00.000021020000,  52.00000,
,,,00.000021030000,  52.00000,
,,,00.000021040000,  52.00000,
,,,00.000021050000,  52.00000,
,,,00.000021060000,  52.00000,
,,,00.000021070000,  52.00000,
,,,00.000021080000,  52.00000,
,,,00.000021090000,  52.00000,
,,,00.000021100000,  52.00000,
,,,00.000021110000,  52.00000,
,,,00.000021120000,  52.00000,
,,,00.000021130000,  52.00000,
,,,00.000021140000,  52.00000,
,,,00.000021150000,  52.00000,
,,,00.000021160000,  52.00000,
,,,00.000021170000,  52.00000,
,,,00.000021180000,  52.00000,
,,,00.000021190000,  52.00000,
,,,00.000021200000,  52.00000,
,,,00.000021210000,  52.00000,
,,,00.000021220000,  52.00000,
,,,00.000021230000,  52.00000,
,,,00.000021240000,  52.00000,
,,,00.000021250000,  52.00000,
,,,00.000021260000,  52.00000,
,,,00.000021270000,  52.00000,
,,,00.000021280000,  52.00000,
,,,00.000021290000,  52.00000,
,,,00.000021300000,  52.00000,
,,,00.000021310000,  52.00000,
,,,00.000021320000,  52.00000,
,,,00.000021330000,  52.00000,
,,,00.000021340000,  52.00000,
,,,00.000021350000,  52.00000,
,,,00.000021360000,  52.00000,
,,,00.000021370000,  52.00000,
,,,00.000021380000,  52.00000,
,,,00.000021390000,  52.00000,
,,,00.000021400000,  52.00000,
,,,00.000021410000,  52.00000,
,,,00.000021420000,  52.00000,
,,,00.000021430000,  52.00000,
,,,00.000021440000,  52.00000,
,,,00.000021450000,  52.00000,
,,,00.000021460000,  52.00000,
,,,00.000021470000,  52.00000,
,,,00.000021480000,  52.00000,
,,,00.000021490000,  52.00000,
,,,00.000021500000,  52.00000,
,,,00.000021510000,  52.00000,
,,,00.000021520000,  52.00000,
,,,00.000021530000,  52.00000,
,,,00.000021540000,  52.00000,
,,,00.000021550000,  52.00000,
,,,00.000021560000,  52.00000,
,,,00.000021570000,  52.00000,
,,,00.000021580000,  52.80000,
,,,00.000021590000,  52.00000,
,,,00.000021600000,  52.80000,
,,,00.000021610000,  52.80000,
,,,00.000021620000,  52.00000,
,,,00.000021630000,  52.00000,
,,,00.000021640000,  52.80000,
,,,00.000021650000,  52.80000,
,,,00.000021660000,  52.00000,
,,,00.000021670000,  52.00000,
,,,00.000021680000,  52.80000,
,,,00.000021690000,  52.80000,
,,,00.000021700000,  52.00000,
,,,00.000021710000,  52.80000,
,,,00.000021720000,  52.80000,
,,,00.000021730000,  52.80000,
,,,00.000021740000,  52.80000,
,,,00.000021750000,  52.80000,
,,,00.000021760000,  52.80000,
,,,00.000021770000,  52.80000,
,,,00.000021780000,  52.80000,
,,,00.000021790000,  52.80000,
,,,00.000021800000,  52.80000,
,,,00.000021810000,  52.80000,
,,,00.000021820000,  52.80000,
,,,00.000021830000,  52.80000,
,,,00.000021840000,  52.80000,
,,,00.000021850000,  52.80000,
,,,00.000021860000,  52.80000,
,,,00.000021870000,  52.80000,
,,,00.000021880000,  52.80000,
,,,00.000021890000,  52.80000,
,,,00.000021900000,  52.80000,
,,,00.000021910000,  52.80000,
,,,00.000021920000,  52.80000,
,,,00.000021930000,  52.80000,
,,,00.000021940000,  52.80000,
,,,00.000021950000,  52.80000,
,,,00.000021960000,  52.80000,
,,,00.000021970000,  52.80000,
,,,00.000021980000,  52.80000,
,,,00.000021990000,  52.80000,
,,,00.000022000000,  52.80000,
,,,00.000022010000,  52.80000,
,,,00.000022020000,  52.80000,
,,,00.000022030000,  52.80000,
,,,00.000022040000,  52.80000,
,,,00.000022050000,  52.80000,
,,,00.000022060000,  52.80000,
,,,00.000022070000,  52.80000,
,,,00.000022080000,  52.80000,
,,,00.000022090000,  52.80000,
,,,00.000022100000,  52.80000,
,,,00.000022110000,  52.80000,
,,,00.000022120000,  52.80000,
,,,00.000022130000,  52.80000,
,,,00.000022140000,  52.80000,
,,,00.000022150000,  52.80000,
,,,00.000022160000,  52.80000,
,,,00.000022170000,  52.80000,
,,,00.000022180000,  52.80000,
,,,00.000022190000,  52.80000,
,,,00.000022200000,  52.80000,
,,,00.000022210000,  52.80000,
,,,00.000022220000,  52.80000,
,,,00.000022230000,  52.80000,
,,,00.000022240000,  52.80000,
,,,00.000022250000,  52.80000,
,,,00.000022260000,  52.80000,
,,,00.000022270000,  52.80000,
,,,00.000022280000,  52.80000,
,,,00.000022290000,  52.80000,
,,,00.000022300000,  52.80000,
,,,00.000022310000,  52.80000,
,,,00.000022320000,  52.80000,
,,,00.000022330000,  52.80000,
,,,00.000022340000,  52.80000,
,,,00.000022350000,  52.80000,
,,,00.000022360000,  52.80000,
,,,00.000022370000,  52.80000,
,,,00.000022380000,  52.80000,
,,,00.000022390000,  52.80000,
,,,00.000022400000,  52.80000,
,,,00.000022410000,  52.80000,
,,,00.000022420000,  52.80000,
,,,00.000022430000,  52.80000,
,,,00.000022440000,  52.80000,
,,,00.000022450000,  52.80000,
,,,00.000022460000,  52.80000,
,,,00.000022470000,  52.80000,
,,,00.000022480000,  52.80000,
,,,00.000022490000,  52.80000,
,,,00.000022500000,  52.80000,
,,,00.000022510000,  52.80000,
,,,00.000022520000,  52.80000,
,,,00.000022530000,  52.80000,
,,,00.000022540000,  52.80000,
,,,00.000022550000,  52.80000,
,,,00.000022560000,  52.80000,
,,,00.000022570000,  52.80000,
,,,00.000022580000,  52.80000,
,,,00.000022590000,  52.80000,
,,,00.000022600000,  52.80000,
,,,00.000022610000,  52.80000,
,,,00.000022620000,  52.80000,
,,,00.000022630000,  52.80000,
,,,00.000022640000,  52.80000,
,,,00.000022650000,  52.80000,
,,,00.000022660000,  52.80000,
,,,00.000022670000,  52.80000,
,,,00.000022680000,  52.80000,
,,,00.000022690000,  52.80000,
,,,00.000022700000,  52.80000,
,,,00.000022710000,  52.80000,
,,,00.000022720000,  52.80000,
,,,00.000022730000,  52.80000,
,,,00.000022740000,  52.80000,
,,,00.000022750000,  52.80000,
,,,00.000022760000,  52.80000,
,,,00.000022770000,  52.80000,
,,,00.000022780000,  52.80000,
,,,00.000022790000,  52.80000,
,,,00.000022800000,  52.80000,
,,,00.000022810000,  52.80000,
,,,00.000022820000,  52.80000,
,,,00.000022830000,  52.80000,
,,,00.000022840000,  52.80000,
,,,00.000022850000,  52.80000,
,,,00.000022860000,  52.80000,
,,,00.000022870000,  52.80000,
,,,00.000022880000,  52.80000,
,,,00.000022890000,  52.80000,
,,,00.000022900000,  52.80000,
,,,00.000022910000,  52.80000,
,,,00.000022920000,  52.80000,
,,,00.000022930000,  52.80000,
,,,00.000022940000,  52.80000,
,,,00.000022950000,  52.80000,
,,,00.000022960000,  52.80000,
,,,00.000022970000,  52.80000,
,,,00.000022980000,  52.80000,
,,,00.000022990000,  52.80000,
,,,00.000023000000,  52.80000,
,,,00.000023010000,  52.80000,
,,,00.000023020000,  52.80000,
,,,00.000023030000,  52.80000,
,,,00.000023040000,  52.80000,
,,,00.000023050000,  52.80000,
,,,00.000023060000,  52.80000,
,,,00.000023070000,  52.80000,
,,,00.000023080000,  52.80000,
,,,00.000023090000,  52.80000,
,,,00.000023100000,  52.80000,
,,,00.000023110000,  52.80000,
,,,00.000023120000,  52.80000,
,,,00.000023130000,  52.80000,
,,,00.000023140000,  52.80000,
,,,00.000023150000,  52.80000,
,,,00.000023160000,  52.80000,
,,,00.000023170000,  52.80000,
,,,00.000023180000,  52.80000,
,,,00.000023190000,  52.80000,
,,,00.000023200000,  52.80000,
,,,00.000023210000,  52.80000,
,,,00.000023220000,  52.80000,
,,,00.000023230000,  52.80000,
,,,00.000023240000,  52.80000,
,,,00.000023250000,  52.80000,
,,,00.000023260000,  52.80000,
,,,00.000023270000,  52.80000,
,,,00.000023280000,  52.80000,
,,,00.000023290000,  52.80000,
,,,00.000023300000,  52.80000,
,,,00.000023310000,  52.80000,
,,,00.000023320000,  52.80000,
,,,00.000023330000,  52.80000,
,,,00.000023340000,  52.80000,
,,,00.000023350000,  52.80000,
,,,00.000023360000,  52.80000,
,,,00.000023370000,  52.80000,
,,,00.000023380000,  52.80000,
,,,00.000023390000,  52.80000,
,,,00.000023400000,  52.80000,
,,,00.000023410000,  52.80000,
,,,00.000023420000,  52.80000,
,,,00.000023430000,  52.80000,
,,,00.000023440000,  52.80000,
,,,00.000023450000,  52.80000,
,,,00.000023460000,  52.80000,
,,,00.000023470000,  52.80000,
,,,00.000023480000,  52.80000,
,,,00.000023490000,  52.80000,
,,,00.000023500000,  52.80000,
,,,00.000023510000,  53.60000,
,,,00.000023520000,  52.80000,
,,,00.000023530000,  52.80000,
,,,00.000023540000,  52.80000,
,,,00.000023550000,  53.60000,
,,,00.000023560000,  52.80000,
,,,00.000023570000,  53.60000,
,,,00.000023580000,  53.60000,
,,,00.000023590000,  52.80000,
,,,00.000023600000,  52.80000,
,,,00.000023610000,  53.60000,
,,,00.000023620000,  53.60000,
,,,00.000023630000,  53.60000,
,,,00.000023640000,  53.60000,
,,,00.000023650000,  53.60000,
,,,00.000023660000,  53.60000,
,,,00.000023670000,  53.60000,
,,,00.000023680000,  53.60000,
,,,00.000023690000,  53.60000,
,,,00.000023700000,  53.60000,
,,,00.000023710000,  53.60000,
,,,00.000023720000,  52.80000,
,,,00.000023730000,  53.60000,
,,,00.000023740000,  53.60000,
,,,00.000023750000,  53.60000,
,,,00.000023760000,  53.60000,
,,,00.000023770000,  53.60000,
,,,00.000023780000,  53.60000,
,,,00.000023790000,  53.60000,
,,,00.000023800000,  53.60000,
,,,00.000023810000,  53.60000,
,,,00.000023820000,  53.60000,
,,,00.000023830000,  53.60000,
,,,00.000023840000,  53.60000,
,,,00.000023850000,  53.60000,
,,,00.000023860000,  53.60000,
,,,00.000023870000,  53.60000,
,,,00.000023880000,  53.60000,
,,,00.000023890000,  53.60000,
,,,00.000023900000,  53.60000,
,,,00.000023910000,  53.60000,
,,,00.000023920000,  53.60000,
,,,00.000023930000,  53.60000,
,,,00.000023940000,  53.60000,
,,,00.000023950000,  53.60000,
,,,00.000023960000,  53.60000,
,,,00.000023970000,  53.60000,
,,,00.000023980000,  53.60000,
,,,00.000023990000,  53.60000,
,,,00.000024000000,  53.60000,
,,,00.000024010000,  53.60000,
,,,00.000024020000,  53.60000,
,,,00.000024030000,  53.60000,
,,,00.000024040000,  53.60000,
,,,00.000024050000,  53.60000,
,,,00.000024060000,  53.60000,
,,,00.000024070000,  53.60000,
,,,00.000024080000,  53.60000,
,,,00.000024090000,  53.60000,
,,,00.000024100000,  53.60000,
,,,00.000024110000,  53.60000,
,,,00.000024120000,  53.60000,
,,,00.000024130000,  53.60000,
,,,00.000024140000,  53.60000,
,,,00.000024150000,  53.60000,
,,,00.000024160000,  53.60000,
,,,00.000024170000,  53.60000,
,,,00.000024180000,  53.60000,
,,,00.000024190000,  53.60000,
