Record Length,2.500000e+03,,  -0.000000188000,-126.00000,
Sample Interval,1.000000e-10,,  -0.000000187900,-126.00000,
Trigger Point,1.880000000000e+03,,  -0.000000187800,-126.00000,
,,,  -0.000000187700,-126.00000,
,,,  -0.000000187600,-124.00000,
,,,  -0.000000187500,-126.00000,
Source,CH1,,  -0.000000187400,-126.00000,
Vertical Units,V,,  -0.000000187300,-126.00000,
Vertical Scale,5.000000e+01,,  -0.000000187200,-126.00000,
Vertical Offset,7.400000e+01,,  -0.000000187100,-126.00000,
Horizontal Units,s,,  -0.000000187000,-126.00000,
Horizontal Scale,2.500000e-08,,  -0.000000186900,-126.00000,
Pt Fmt,Y,,  -0.000000186800,-126.00000,
Yzero,0.000000e+00,,  -0.000000186700,-126.00000,
Probe Atten,1.000000e+01,,  -0.000000186600,-126.00000,
Model Number,TDS1001B,,  -0.000000186500,-124.00000,
Serial Number,C051164,,  -0.000000186400,-124.00000,
Firmware Version,FV:v22.01,,  -0.000000186300,-124.00000,
,,,-00.000000186200,-124.00000,
,,,-00.000000186100,-124.00000,
,,,-00.000000186000,-124.00000,
,,,-00.000000185900,-124.00000,
,,,-00.000000185800,-124.00000,
,,,-00.000000185700,-124.00000,
,,,-00.000000185600,-124.00000,
,,,-00.000000185500,-124.00000,
,,,-00.000000185400,-126.00000,
,,,-00.000000185300,-124.00000,
,,,-00.000000185200,-124.00000,
,,,-00.000000185100,-124.00000,
,,,-00.000000185000,-124.00000,
,,,-00.000000184900,-124.00000,
,,,-00.000000184800,-124.00000,
,,,-00.000000184700,-124.00000,
,,,-00.000000184600,-124.00000,
,,,-00.000000184500,-124.00000,
,,,-00.000000184400,-124.00000,
,,,-00.000000184300,-124.00000,
,,,-00.000000184200,-124.00000,
,,,-00.000000184100,-124.00000,
,,,-00.000000184000,-124.00000,
,,,-00.000000183900,-124.00000,
,,,-00.000000183800,-124.00000,
,,,-00.000000183700,-124.00000,
,,,-00.000000183600,-124.00000,
,,,-00.000000183500,-124.00000,
,,,-00.000000183400,-126.00000,
,,,-00.000000183300,-126.00000,
,,,-00.000000183200,-126.00000,
,,,-00.000000183100,-126.00000,
,,,-00.000000183000,-126.00000,
,,,-00.000000182900,-126.00000,
,,,-00.000000182800,-126.00000,
,,,-00.000000182700,-126.00000,
,,,-00.000000182600,-124.00000,
,,,-00.000000182500,-126.00000,
,,,-00.000000182400,-124.00000,
,,,-00.000000182300,-126.00000,
,,,-00.000000182200,-124.00000,
,,,-00.000000182100,-124.00000,
,,,-00.000000182000,-124.00000,
,,,-00.000000181900,-124.00000,
,,,-00.000000181800,-124.00000,
,,,-00.000000181700,-124.00000,
,,,-00.000000181600,-126.00000,
,,,-00.000000181500,-126.00000,
,,,-00.000000181400,-124.00000,
,,,-00.000000181300,-126.00000,
,,,-00.000000181200,-126.00000,
,,,-00.000000181100,-126.00000,
,,,-00.000000181000,-126.00000,
,,,-00.000000180900,-126.00000,
,,,-00.000000180800,-126.00000,
,,,-00.000000180700,-126.00000,
,,,-00.000000180600,-126.00000,
,,,-00.000000180500,-126.00000,
,,,-00.000000180400,-126.00000,
,,,-00.000000180300,-126.00000,
,,,-00.000000180200,-124.00000,
,,,-00.000000180100,-124.00000,
,,,-00.000000180000,-126.00000,
,,,-00.000000179900,-126.00000,
,,,-00.000000179800,-126.00000,
,,,-00.000000179700,-126.00000,
,,,-00.000000179600,-126.00000,
,,,-00.000000179500,-126.00000,
,,,-00.000000179400,-124.00000,
,,,-00.000000179300,-126.00000,
,,,-00.000000179200,-126.00000,
,,,-00.000000179100,-126.00000,
,,,-00.000000179000,-126.00000,
,,,-00.000000178900,-126.00000,
,,,-00.000000178800,-126.00000,
,,,-00.000000178700,-126.00000,
,,,-00.000000178600,-124.00000,
,,,-00.000000178500,-124.00000,
,,,-00.000000178400,-124.00000,
,,,-00.000000178300,-126.00000,
,,,-00.000000178200,-124.00000,
,,,-00.000000178100,-124.00000,
,,,-00.000000178000,-124.00000,
,,,-00.000000177900,-126.00000,
,,,-00.000000177800,-124.00000,
,,,-00.000000177700,-124.00000,
,,,-00.000000177600,-124.00000,
,,,-00.000000177500,-124.00000,
,,,-00.000000177400,-126.00000,
,,,-00.000000177300,-126.00000,
,,,-00.000000177200,-126.00000,
,,,-00.000000177100,-126.00000,
,,,-00.000000177000,-124.00000,
,,,-00.000000176900,-126.00000,
,,,-00.000000176800,-124.00000,
,,,-00.000000176700,-124.00000,
,,,-00.000000176600,-124.00000,
,,,-00.000000176500,-126.00000,
,,,-00.000000176400,-126.00000,
,,,-00.000000176300,-126.00000,
,,,-00.000000176200,-124.00000,
,,,-00.000000176100,-124.00000,
,,,-00.000000176000,-124.00000,
,,,-00.000000175900,-124.00000,
,,,-00.000000175800,-124.00000,
,,,-00.000000175700,-124.00000,
,,,-00.000000175600,-124.00000,
,,,-00.000000175500,-124.00000,
,,,-00.000000175400,-124.00000,
,,,-00.000000175300,-124.00000,
,,,-00.000000175200,-124.00000,
,,,-00.000000175100,-124.00000,
,,,-00.000000175000,-124.00000,
,,,-00.000000174900,-126.00000,
,,,-00.000000174800,-126.00000,
,,,-00.000000174700,-124.00000,
,,,-00.000000174600,-124.00000,
,,,-00.000000174500,-124.00000,
,,,-00.000000174400,-124.00000,
,,,-00.000000174300,-126.00000,
,,,-00.000000174200,-126.00000,
,,,-00.000000174100,-126.00000,
,,,-00.000000174000,-126.00000,
,,,-00.000000173900,-126.00000,
,,,-00.000000173800,-124.00000,
,,,-00.000000173700,-126.00000,
,,,-00.000000173600,-126.00000,
,,,-00.000000173500,-126.00000,
,,,-00.000000173400,-126.00000,
,,,-00.000000173300,-126.00000,
,,,-00.000000173200,-126.00000,
,,,-00.000000173100,-126.00000,
,,,-00.000000173000,-126.00000,
,,,-00.000000172900,-126.00000,
,,,-00.000000172800,-126.00000,
,,,-00.000000172700,-126.00000,
,,,-00.000000172600,-126.00000,
,,,-00.000000172500,-126.00000,
,,,-00.000000172400,-126.00000,
,,,-00.000000172300,-126.00000,
,,,-00.000000172200,-126.00000,
,,,-00.000000172100,-126.00000,
,,,-00.000000172000,-126.00000,
,,,-00.000000171900,-126.00000,
,,,-00.000000171800,-126.00000,
,,,-00.000000171700,-126.00000,
,,,-00.000000171600,-126.00000,
,,,-00.000000171500,-126.00000,
,,,-00.000000171400,-126.00000,
,,,-00.000000171300,-126.00000,
,,,-00.000000171200,-126.00000,
,,,-00.000000171100,-126.00000,
,,,-00.000000171000,-126.00000,
,,,-00.000000170900,-126.00000,
,,,-00.000000170800,-126.00000,
,,,-00.000000170700,-126.00000,
,,,-00.000000170600,-126.00000,
,,,-00.000000170500,-124.00000,
,,,-00.000000170400,-126.00000,
,,,-00.000000170300,-126.00000,
,,,-00.000000170200,-126.00000,
,,,-00.000000170100,-126.00000,
,,,-00.000000170000,-126.00000,
,,,-00.000000169900,-126.00000,
,,,-00.000000169800,-126.00000,
,,,-00.000000169700,-126.00000,
,,,-00.000000169600,-126.00000,
,,,-00.000000169500,-126.00000,
,,,-00.000000169400,-124.00000,
,,,-00.000000169300,-126.00000,
,,,-00.000000169200,-126.00000,
,,,-00.000000169100,-124.00000,
,,,-00.000000169000,-124.00000,
,,,-00.000000168900,-124.00000,
,,,-00.000000168800,-124.00000,
,,,-00.000000168700,-124.00000,
,,,-00.000000168600,-124.00000,
,,,-00.000000168500,-124.00000,
,,,-00.000000168400,-124.00000,
,,,-00.000000168300,-124.00000,
,,,-00.000000168200,-124.00000,
,,,-00.000000168100,-124.00000,
,,,-00.000000168000,-124.00000,
,,,-00.000000167900,-124.00000,
,,,-00.000000167800,-124.00000,
,,,-00.000000167700,-124.00000,
,,,-00.000000167600,-124.00000,
,,,-00.000000167500,-124.00000,
,,,-00.000000167400,-124.00000,
,,,-00.000000167300,-124.00000,
,,,-00.000000167200,-124.00000,
,,,-00.000000167100,-124.00000,
,,,-00.000000167000,-124.00000,
,,,-00.000000166900,-124.00000,
,,,-00.000000166800,-124.00000,
,,,-00.000000166700,-124.00000,
,,,-00.000000166600,-124.00000,
,,,-00.000000166500,-124.00000,
,,,-00.000000166400,-124.00000,
,,,-00.000000166300,-124.00000,
,,,-00.000000166200,-124.00000,
,,,-00.000000166100,-124.00000,
,,,-00.000000166000,-124.00000,
,,,-00.000000165900,-124.00000,
,,,-00.000000165800,-124.00000,
,,,-00.000000165700,-124.00000,
,,,-00.000000165600,-124.00000,
,,,-00.000000165500,-124.00000,
,,,-00.000000165400,-124.00000,
,,,-00.000000165300,-124.00000,
,,,-00.000000165200,-124.00000,
,,,-00.000000165100,-124.00000,
,,,-00.000000165000,-124.00000,
,,,-00.000000164900,-124.00000,
,,,-00.000000164800,-124.00000,
,,,-00.000000164700,-124.00000,
,,,-00.000000164600,-124.00000,
,,,-00.000000164500,-124.00000,
,,,-00.000000164400,-124.00000,
,,,-00.000000164300,-124.00000,
,,,-00.000000164200,-124.00000,
,,,-00.000000164100,-124.00000,
,,,-00.000000164000,-124.00000,
,,,-00.000000163900,-124.00000,
,,,-00.000000163800,-124.00000,
,,,-00.000000163700,-124.00000,
,,,-00.000000163600,-124.00000,
,,,-00.000000163500,-124.00000,
,,,-00.000000163400,-124.00000,
,,,-00.000000163300,-124.00000,
,,,-00.000000163200,-124.00000,
,,,-00.000000163100,-124.00000,
,,,-00.000000163000,-124.00000,
,,,-00.000000162900,-124.00000,
,,,-00.000000162800,-124.00000,
,,,-00.000000162700,-124.00000,
,,,-00.000000162600,-124.00000,
,,,-00.000000162500,-124.00000,
,,,-00.000000162400,-124.00000,
,,,-00.000000162300,-124.00000,
,,,-00.000000162200,-124.00000,
,,,-00.000000162100,-124.00000,
,,,-00.000000162000,-124.00000,
,,,-00.000000161900,-124.00000,
,,,-00.000000161800,-124.00000,
,,,-00.000000161700,-124.00000,
,,,-00.000000161600,-124.00000,
,,,-00.000000161500,-124.00000,
,,,-00.000000161400,-124.00000,
,,,-00.000000161300,-124.00000,
,,,-00.000000161200,-124.00000,
,,,-00.000000161100,-124.00000,
,,,-00.000000161000,-124.00000,
,,,-00.000000160900,-124.00000,
,,,-00.000000160800,-124.00000,
,,,-00.000000160700,-124.00000,
,,,-00.000000160600,-124.00000,
,,,-00.000000160500,-124.00000,
,,,-00.000000160400,-124.00000,
,,,-00.000000160300,-124.00000,
,,,-00.000000160200,-124.00000,
,,,-00.000000160100,-124.00000,
,,,-00.000000160000,-124.00000,
,,,-00.000000159900,-124.00000,
,,,-00.000000159800,-124.00000,
,,,-00.000000159700,-124.00000,
,,,-00.000000159600,-124.00000,
,,,-00.000000159500,-124.00000,
,,,-00.000000159400,-124.00000,
,,,-00.000000159300,-124.00000,
,,,-00.000000159200,-124.00000,
,,,-00.000000159100,-124.00000,
,,,-00.000000159000,-124.00000,
,,,-00.000000158900,-124.00000,
,,,-00.000000158800,-124.00000,
,,,-00.000000158700,-124.00000,
,,,-00.000000158600,-124.00000,
,,,-00.000000158500,-124.00000,
,,,-00.000000158400,-122.00000,
,,,-00.000000158300,-122.00000,
,,,-00.000000158200,-122.00000,
,,,-00.000000158100,-122.00000,
,,,-00.000000158000,-122.00000,
,,,-00.000000157900,-122.00000,
,,,-00.000000157800,-122.00000,
,,,-00.000000157700,-122.00000,
,,,-00.000000157600,-122.00000,
,,,-00.000000157500,-122.00000,
,,,-00.000000157400,-122.00000,
,,,-00.000000157300,-122.00000,
,,,-00.000000157200,-122.00000,
,,,-00.000000157100,-122.00000,
,,,-00.000000157000,-122.00000,
,,,-00.000000156900,-122.00000,
,,,-00.000000156800,-122.00000,
,,,-00.000000156700,-122.00000,
,,,-00.000000156600,-122.00000,
,,,-00.000000156500,-122.00000,
,,,-00.000000156400,-122.00000,
,,,-00.000000156300,-122.00000,
,,,-00.000000156200,-122.00000,
,,,-00.000000156100,-122.00000,
,,,-00.000000156000,-122.00000,
,,,-00.000000155900,-122.00000,
,,,-00.000000155800,-122.00000,
,,,-00.000000155700,-122.00000,
,,,-00.000000155600,-122.00000,
,,,-00.000000155500,-122.00000,
,,,-00.000000155400,-122.00000,
,,,-00.000000155300,-122.00000,
,,,-00.000000155200,-122.00000,
,,,-00.000000155100,-122.00000,
,,,-00.000000155000,-122.00000,
,,,-00.000000154900,-122.00000,
,,,-00.000000154800,-122.00000,
,,,-00.000000154700,-122.00000,
,,,-00.000000154600,-122.00000,
,,,-00.000000154500,-122.00000,
,,,-00.000000154400,-122.00000,
,,,-00.000000154300,-122.00000,
,,,-00.000000154200,-122.00000,
,,,-00.000000154100,-122.00000,
,,,-00.000000154000,-122.00000,
,,,-00.000000153900,-122.00000,
,,,-00.000000153800,-122.00000,
,,,-00.000000153700,-122.00000,
,,,-00.000000153600,-122.00000,
,,,-00.000000153500,-122.00000,
,,,-00.000000153400,-122.00000,
,,,-00.000000153300,-122.00000,
,,,-00.000000153200,-120.00000,
,,,-00.000000153100,-120.00000,
,,,-00.000000153000,-120.00000,
,,,-00.000000152900,-120.00000,
,,,-00.000000152800,-120.00000,
,,,-00.000000152700,-120.00000,
,,,-00.000000152600,-120.00000,
,,,-00.000000152500,-120.00000,
,,,-00.000000152400,-120.00000,
,,,-00.000000152300,-120.00000,
,,,-00.000000152200,-120.00000,
,,,-00.000000152100,-120.00000,
,,,-00.000000152000,-120.00000,
,,,-00.000000151900,-120.00000,
,,,-00.000000151800,-120.00000,
,,,-00.000000151700,-120.00000,
,,,-00.000000151600,-120.00000,
,,,-00.000000151500,-120.00000,
,,,-00.000000151400,-120.00000,
,,,-00.000000151300,-120.00000,
,,,-00.000000151200,-120.00000,
,,,-00.000000151100,-120.00000,
,,,-00.000000151000,-120.00000,
,,,-00.000000150900,-120.00000,
,,,-00.000000150800,-120.00000,
,,,-00.000000150700,-120.00000,
,,,-00.000000150600,-120.00000,
,,,-00.000000150500,-120.00000,
,,,-00.000000150400,-120.00000,
,,,-00.000000150300,-120.00000,
,,,-00.000000150200,-118.00000,
,,,-00.000000150100,-118.00000,
,,,-00.000000150000,-118.00000,
,,,-00.000000149900,-118.00000,
,,,-00.000000149800,-118.00000,
,,,-00.000000149700,-118.00000,
,,,-00.000000149600,-118.00000,
,,,-00.000000149500,-118.00000,
,,,-00.000000149400,-118.00000,
,,,-00.000000149300,-118.00000,
,,,-00.000000149200,-118.00000,
,,,-00.000000149100,-118.00000,
,,,-00.000000149000,-118.00000,
,,,-00.000000148900,-118.00000,
,,,-00.000000148800,-118.00000,
,,,-00.000000148700,-118.00000,
,,,-00.000000148600,-118.00000,
,,,-00.000000148500,-118.00000,
,,,-00.000000148400,-118.00000,
,,,-00.000000148300,-118.00000,
,,,-00.000000148200,-118.00000,
,,,-00.000000148100,-118.00000,
,,,-00.000000148000,-116.00000,
,,,-00.000000147900,-116.00000,
,,,-00.000000147800,-116.00000,
,,,-00.000000147700,-116.00000,
,,,-00.000000147600,-116.00000,
,,,-00.000000147500,-116.00000,
,,,-00.000000147400,-116.00000,
,,,-00.000000147300,-116.00000,
,,,-00.000000147200,-116.00000,
,,,-00.000000147100,-116.00000,
,,,-00.000000147000,-116.00000,
,,,-00.000000146900,-116.00000,
,,,-00.000000146800,-116.00000,
,,,-00.000000146700,-116.00000,
,,,-00.000000146600,-116.00000,
,,,-00.000000146500,-116.00000,
,,,-00.000000146400,-116.00000,
,,,-00.000000146300,-116.00000,
,,,-00.000000146200,-116.00000,
,,,-00.000000146100,-116.00000,
,,,-00.000000146000,-116.00000,
,,,-00.000000145900,-116.00000,
,,,-00.000000145800,-116.00000,
,,,-00.000000145700,-116.00000,
,,,-00.000000145600,-114.00000,
,,,-00.000000145500,-114.00000,
,,,-00.000000145400,-114.00000,
,,,-00.000000145300,-114.00000,
,,,-00.000000145200,-114.00000,
,,,-00.000000145100,-114.00000,
,,,-00.000000145000,-114.00000,
,,,-00.000000144900,-114.00000,
,,,-00.000000144800,-114.00000,
,,,-00.000000144700,-114.00000,
,,,-00.000000144600,-114.00000,
,,,-00.000000144500,-114.00000,
,,,-00.000000144400,-114.00000,
,,,-00.000000144300,-114.00000,
,,,-00.000000144200,-114.00000,
,,,-00.000000144100,-114.00000,
,,,-00.000000144000,-114.00000,
,,,-00.000000143900,-114.00000,
,,,-00.000000143800,-114.00000,
,,,-00.000000143700,-114.00000,
,,,-00.000000143600,-114.00000,
,,,-00.000000143500,-114.00000,
,,,-00.000000143400,-112.00000,
,,,-00.000000143300,-112.00000,
,,,-00.000000143200,-112.00000,
,,,-00.000000143100,-112.00000,
,,,-00.000000143000,-112.00000,
,,,-00.000000142900,-112.00000,
,,,-00.000000142800,-112.00000,
,,,-00.000000142700,-112.00000,
,,,-00.000000142600,-112.00000,
,,,-00.000000142500,-112.00000,
,,,-00.000000142400,-112.00000,
,,,-00.000000142300,-112.00000,
,,,-00.000000142200,-112.00000,
,,,-00.000000142100,-112.00000,
,,,-00.000000142000,-112.00000,
,,,-00.000000141900,-112.00000,
,,,-00.000000141800,-112.00000,
,,,-00.000000141700,-112.00000,
,,,-00.000000141600,-110.00000,
,,,-00.000000141500,-110.00000,
,,,-00.000000141400,-110.00000,
,,,-00.000000141300,-110.00000,
,,,-00.000000141200,-110.00000,
,,,-00.000000141100,-110.00000,
,,,-00.000000141000,-110.00000,
,,,-00.000000140900,-110.00000,
,,,-00.000000140800,-110.00000,
,,,-00.000000140700,-110.00000,
,,,-00.000000140600,-110.00000,
,,,-00.000000140500,-110.00000,
,,,-00.000000140400,-110.00000,
,,,-00.000000140300,-110.00000,
,,,-00.000000140200,-110.00000,
,,,-00.000000140100,-110.00000,
,,,-00.000000140000,-110.00000,
,,,-00.000000139900,-110.00000,
,,,-00.000000139800,-110.00000,
,,,-00.000000139700,-110.00000,
,,,-00.000000139600,-110.00000,
,,,-00.000000139500,-110.00000,
,,,-00.000000139400,-110.00000,
,,,-00.000000139300,-110.00000,
,,,-00.000000139200,-110.00000,
,,,-00.000000139100,-110.00000,
,,,-00.000000139000,-110.00000,
,,,-00.000000138900,-110.00000,
,,,-00.000000138800,-108.00000,
,,,-00.000000138700,-108.00000,
,,,-00.000000138600,-108.00000,
,,,-00.000000138500,-108.00000,
,,,-00.000000138400,-108.00000,
,,,-00.000000138300,-108.00000,
,,,-00.000000138200,-108.00000,
,,,-00.000000138100,-108.00000,
,,,-00.000000138000,-108.00000,
,,,-00.000000137900,-108.00000,
,,,-00.000000137800,-108.00000,
,,,-00.000000137700,-108.00000,
,,,-00.000000137600,-108.00000,
,,,-00.000000137500,-108.00000,
,,,-00.000000137400,-108.00000,
,,,-00.000000137300,-108.00000,
,,,-00.000000137200,-106.00000,
,,,-00.000000137100,-106.00000,
,,,-00.000000137000,-106.00000,
,,,-00.000000136900,-106.00000,
,,,-00.000000136800,-106.00000,
,,,-00.000000136700,-106.00000,
,,,-00.000000136600,-106.00000,
,,,-00.000000136500,-106.00000,
,,,-00.000000136400,-106.00000,
,,,-00.000000136300,-106.00000,
,,,-00.000000136200,-106.00000,
,,,-00.000000136100,-106.00000,
,,,-00.000000136000,-106.00000,
,,,-00.000000135900,-106.00000,
,,,-00.000000135800,-106.00000,
,,,-00.000000135700,-106.00000,
,,,-00.000000135600,-104.00000,
,,,-00.000000135500,-104.00000,
,,,-00.000000135400,-104.00000,
,,,-00.000000135300,-104.00000,
,,,-00.000000135200,-104.00000,
,,,-00.000000135100,-104.00000,
,,,-00.000000135000,-104.00000,
,,,-00.000000134900,-104.00000,
,,,-00.000000134800,-104.00000,
,,,-00.000000134700,-104.00000,
,,,-00.000000134600,-104.00000,
,,,-00.000000134500,-104.00000,
,,,-00.000000134400,-104.00000,
,,,-00.000000134300,-104.00000,
,,,-00.000000134200,-104.00000,
,,,-00.000000134100,-104.00000,
,,,-00.000000134000,-104.00000,
,,,-00.000000133900,-104.00000,
,,,-00.000000133800,-104.00000,
,,,-00.000000133700,-104.00000,
,,,-00.000000133600,-104.00000,
,,,-00.000000133500,-102.00000,
,,,-00.000000133400,-102.00000,
,,,-00.000000133300,-102.00000,
,,,-00.000000133200,-102.00000,
,,,-00.000000133100,-102.00000,
,,,-00.000000133000,-102.00000,
,,,-00.000000132900,-102.00000,
,,,-00.000000132800,-102.00000,
,,,-00.000000132700,-102.00000,
,,,-00.000000132600,-102.00000,
,,,-00.000000132500,-102.00000,
,,,-00.000000132400,-102.00000,
,,,-00.000000132300,-102.00000,
,,,-00.000000132200,-102.00000,
,,,-00.000000132100,-102.00000,
,,,-00.000000132000,-102.00000,
,,,-00.000000131900,-102.00000,
,,,-00.000000131800,-102.00000,
,,,-00.000000131700,-100.00000,
,,,-00.000000131600,-100.00000,
,,,-00.000000131500,-100.00000,
,,,-00.000000131400,-100.00000,
,,,-00.000000131300,-100.00000,
,,,-00.000000131200,-100.00000,
,,,-00.000000131100,-100.00000,
,,,-00.000000131000,-100.00000,
,,,-00.000000130900,-100.00000,
,,,-00.000000130800,-100.00000,
,,,-00.000000130700,-100.00000,
,,,-00.000000130600,-100.00000,
,,,-00.000000130500,-100.00000,
,,,-00.000000130400,-100.00000,
,,,-00.000000130300,-100.00000,
,,,-00.000000130200,-100.00000,
,,,-00.000000130100,-100.00000,
,,,-00.000000130000,-100.00000,
,,,-00.000000129900,-100.00000,
,,,-00.000000129800,-100.00000,
,,,-00.000000129700,-100.00000,
,,,-00.000000129600,-100.00000,
,,,-00.000000129500,-100.00000,
,,,-00.000000129400, -98.00000,
,,,-00.000000129300, -98.00000,
,,,-00.000000129200, -98.00000,
,,,-00.000000129100, -98.00000,
,,,-00.000000129000, -98.00000,
,,,-00.000000128900, -98.00000,
,,,-00.000000128800, -98.00000,
,,,-00.000000128700, -98.00000,
,,,-00.000000128600, -98.00000,
,,,-00.000000128500, -98.00000,
,,,-00.000000128400, -98.00000,
,,,-00.000000128300, -98.00000,
,,,-00.000000128200, -98.00000,
,,,-00.000000128100, -98.00000,
,,,-00.000000128000, -96.00000,
,,,-00.000000127900, -96.00000,
,,,-00.000000127800, -96.00000,
,,,-00.000000127700, -96.00000,
,,,-00.000000127600, -96.00000,
,,,-00.000000127500, -96.00000,
,,,-00.000000127400, -96.00000,
,,,-00.000000127300, -96.00000,
,,,-00.000000127200, -96.00000,
,,,-00.000000127100, -96.00000,
,,,-00.000000127000, -96.00000,
,,,-00.000000126900, -96.00000,
,,,-00.000000126800, -96.00000,
,,,-00.000000126700, -96.00000,
,,,-00.000000126600, -96.00000,
,,,-00.000000126500, -96.00000,
,,,-00.000000126400, -96.00000,
,,,-00.000000126300, -96.00000,
,,,-00.000000126200, -96.00000,
,,,-00.000000126100, -96.00000,
,,,-00.000000126000, -96.00000,
,,,-00.000000125900, -96.00000,
,,,-00.000000125800, -94.00000,
,,,-00.000000125700, -94.00000,
,,,-00.000000125600, -94.00000,
,,,-00.000000125500, -94.00000,
,,,-00.000000125400, -94.00000,
,,,-00.000000125300, -94.00000,
,,,-00.000000125200, -94.00000,
,,,-00.000000125100, -94.00000,
,,,-00.000000125000, -94.00000,
,,,-00.000000124900, -94.00000,
,,,-00.000000124800, -94.00000,
,,,-00.000000124700, -94.00000,
,,,-00.000000124600, -94.00000,
,,,-00.000000124500, -94.00000,
,,,-00.000000124400, -94.00000,
,,,-00.000000124300, -92.00000,
,,,-00.000000124200, -92.00000,
,,,-00.000000124100, -92.00000,
,,,-00.000000124000, -92.00000,
,,,-00.000000123900, -92.00000,
,,,-00.000000123800, -92.00000,
,,,-00.000000123700, -92.00000,
,,,-00.000000123600, -92.00000,
,,,-00.000000123500, -92.00000,
,,,-00.000000123400, -92.00000,
,,,-00.000000123300, -92.00000,
,,,-00.000000123200, -92.00000,
,,,-00.000000123100, -92.00000,
,,,-00.000000123000, -92.00000,
,,,-00.000000122900, -92.00000,
,,,-00.000000122800, -92.00000,
,,,-00.000000122700, -92.00000,
,,,-00.000000122600, -92.00000,
,,,-00.000000122500, -92.00000,
,,,-00.000000122400, -92.00000,
,,,-00.000000122300, -92.00000,
,,,-00.000000122200, -92.00000,
,,,-00.000000122100, -92.00000,
,,,-00.000000122000, -90.00000,
,,,-00.000000121900, -90.00000,
,,,-00.000000121800, -90.00000,
,,,-00.000000121700, -90.00000,
,,,-00.000000121600, -90.00000,
,,,-00.000000121500, -90.00000,
,,,-00.000000121400, -90.00000,
,,,-00.000000121300, -90.00000,
,,,-00.000000121200, -90.00000,
,,,-00.000000121100, -90.00000,
,,,-00.000000121000, -90.00000,
,,,-00.000000120900, -90.00000,
,,,-00.000000120800, -90.00000,
,,,-00.000000120700, -90.00000,
,,,-00.000000120600, -90.00000,
,,,-00.000000120500, -88.00000,
,,,-00.000000120400, -88.00000,
,,,-00.000000120300, -88.00000,
,,,-00.000000120200, -88.00000,
,,,-00.000000120100, -88.00000,
,,,-00.000000120000, -88.00000,
,,,-00.000000119900, -88.00000,
,,,-00.000000119800, -88.00000,
,,,-00.000000119700, -88.00000,
,,,-00.000000119600, -88.00000,
,,,-00.000000119500, -88.00000,
,,,-00.000000119400, -88.00000,
,,,-00.000000119300, -88.00000,
,,,-00.000000119200, -88.00000,
,,,-00.000000119100, -88.00000,
,,,-00.000000119000, -88.00000,
,,,-00.000000118900, -88.00000,
,,,-00.000000118800, -86.00000,
,,,-00.000000118700, -86.00000,
,,,-00.000000118600, -86.00000,
,,,-00.000000118500, -86.00000,
,,,-00.000000118400, -86.00000,
,,,-00.000000118300, -86.00000,
,,,-00.000000118200, -86.00000,
,,,-00.000000118100, -86.00000,
,,,-00.000000118000, -86.00000,
,,,-00.000000117900, -86.00000,
,,,-00.000000117800, -86.00000,
,,,-00.000000117700, -86.00000,
,,,-00.000000117600, -86.00000,
,,,-00.000000117500, -86.00000,
,,,-00.000000117400, -86.00000,
,,,-00.000000117300, -86.00000,
,,,-00.000000117200, -86.00000,
,,,-00.000000117100, -86.00000,
,,,-00.000000117000, -86.00000,
,,,-00.000000116900, -84.00000,
,,,-00.000000116800, -84.00000,
,,,-00.000000116700, -84.00000,
,,,-00.000000116600, -84.00000,
,,,-00.000000116500, -84.00000,
,,,-00.000000116400, -84.00000,
,,,-00.000000116300, -84.00000,
,,,-00.000000116200, -84.00000,
,,,-00.000000116100, -84.00000,
,,,-00.000000116000, -84.00000,
,,,-00.000000115900, -84.00000,
,,,-00.000000115800, -84.00000,
,,,-00.000000115700, -84.00000,
,,,-00.000000115600, -84.00000,
,,,-00.000000115500, -84.00000,
,,,-00.000000115400, -84.00000,
,,,-00.000000115300, -84.00000,
,,,-00.000000115200, -84.00000,
,,,-00.000000115100, -82.00000,
,,,-00.000000115000, -82.00000,
,,,-00.000000114900, -82.00000,
,,,-00.000000114800, -82.00000,
,,,-00.000000114700, -82.00000,
,,,-00.000000114600, -82.00000,
,,,-00.000000114500, -82.00000,
,,,-00.000000114400, -82.00000,
,,,-00.000000114300, -82.00000,
,,,-00.000000114200, -82.00000,
,,,-00.000000114100, -82.00000,
,,,-00.000000114000, -82.00000,
,,,-00.000000113900, -82.00000,
,,,-00.000000113800, -82.00000,
,,,-00.000000113700, -82.00000,
,,,-00.000000113600, -82.00000,
,,,-00.000000113500, -82.00000,
,,,-00.000000113400, -80.00000,
,,,-00.000000113300, -80.00000,
,,,-00.000000113200, -80.00000,
,,,-00.000000113100, -80.00000,
,,,-00.000000113000, -80.00000,
,,,-00.000000112900, -80.00000,
,,,-00.000000112800, -80.00000,
,,,-00.000000112700, -80.00000,
,,,-00.000000112600, -80.00000,
,,,-00.000000112500, -80.00000,
,,,-00.000000112400, -80.00000,
,,,-00.000000112300, -80.00000,
,,,-00.000000112200, -80.00000,
,,,-00.000000112100, -80.00000,
,,,-00.000000112000, -80.00000,
,,,-00.000000111900, -80.00000,
,,,-00.000000111800, -80.00000,
,,,-00.000000111700, -78.00000,
,,,-00.000000111600, -78.00000,
,,,-00.000000111500, -78.00000,
,,,-00.000000111400, -78.00000,
,,,-00.000000111300, -78.00000,
,,,-00.000000111200, -78.00000,
,,,-00.000000111100, -78.00000,
,,,-00.000000111000, -78.00000,
,,,-00.000000110900, -78.00000,
,,,-00.000000110800, -78.00000,
,,,-00.000000110700, -78.00000,
,,,-00.000000110600, -78.00000,
,,,-00.000000110500, -78.00000,
,,,-00.000000110400, -78.00000,
,,,-00.000000110300, -78.00000,
,,,-00.000000110200, -78.00000,
,,,-00.000000110100, -78.00000,
,,,-00.000000110000, -78.00000,
,,,-00.000000109900, -78.00000,
,,,-00.000000109800, -78.00000,
,,,-00.000000109700, -76.00000,
,,,-00.000000109600, -76.00000,
,,,-00.000000109500, -76.00000,
,,,-00.000000109400, -76.00000,
,,,-00.000000109300, -76.00000,
,,,-00.000000109200, -76.00000,
,,,-00.000000109100, -76.00000,
,,,-00.000000109000, -76.00000,
,,,-00.000000108900, -76.00000,
,,,-00.000000108800, -76.00000,
,,,-00.000000108700, -76.00000,
,,,-00.000000108600, -76.00000,
,,,-00.000000108500, -76.00000,
,,,-00.000000108400, -76.00000,
,,,-00.000000108300, -76.00000,
,,,-00.000000108200, -76.00000,
,,,-00.000000108100, -76.00000,
,,,-00.000000108000, -74.00000,
,,,-00.000000107900, -74.00000,
,,,-00.000000107800, -74.00000,
,,,-00.000000107700, -74.00000,
,,,-00.000000107600, -74.00000,
,,,-00.000000107500, -74.00000,
,,,-00.000000107400, -74.00000,
,,,-00.000000107300, -74.00000,
,,,-00.000000107200, -74.00000,
,,,-00.000000107100, -74.00000,
,,,-00.000000107000, -74.00000,
,,,-00.000000106900, -74.00000,
,,,-00.000000106800, -74.00000,
,,,-00.000000106700, -74.00000,
,,,-00.000000106600, -74.00000,
,,,-00.000000106500, -74.00000,
,,,-00.000000106400, -74.00000,
,,,-00.000000106300, -74.00000,
,,,-00.000000106200, -74.00000,
,,,-00.000000106100, -72.00000,
,,,-00.000000106000, -72.00000,
,,,-00.000000105900, -72.00000,
,,,-00.000000105800, -72.00000,
,,,-00.000000105700, -72.00000,
,,,-00.000000105600, -72.00000,
,,,-00.000000105500, -72.00000,
,,,-00.000000105400, -72.00000,
,,,-00.000000105300, -72.00000,
,,,-00.000000105200, -72.00000,
,,,-00.000000105100, -72.00000,
,,,-00.000000105000, -72.00000,
,,,-00.000000104900, -72.00000,
,,,-00.000000104800, -72.00000,
,,,-00.000000104700, -72.00000,
,,,-00.000000104600, -72.00000,
,,,-00.000000104500, -70.00000,
,,,-00.000000104400, -70.00000,
,,,-00.000000104300, -70.00000,
,,,-00.000000104200, -70.00000,
,,,-00.000000104100, -70.00000,
,,,-00.000000104000, -70.00000,
,,,-00.000000103900, -70.00000,
,,,-00.000000103800, -70.00000,
,,,-00.000000103700, -70.00000,
,,,-00.000000103600, -70.00000,
,,,-00.000000103500, -70.00000,
,,,-00.000000103400, -70.00000,
,,,-00.000000103300, -70.00000,
,,,-00.000000103200, -70.00000,
,,,-00.000000103100, -70.00000,
,,,-00.000000103000, -70.00000,
,,,-00.000000102900, -70.00000,
,,,-00.000000102800, -70.00000,
,,,-00.000000102700, -70.00000,
,,,-00.000000102600, -68.00000,
,,,-00.000000102500, -68.00000,
,,,-00.000000102400, -68.00000,
,,,-00.000000102300, -68.00000,
,,,-00.000000102200, -68.00000,
,,,-00.000000102100, -68.00000,
,,,-00.000000102000, -68.00000,
,,,-00.000000101900, -68.00000,
,,,-00.000000101800, -68.00000,
,,,-00.000000101700, -68.00000,
,,,-00.000000101600, -68.00000,
,,,-00.000000101500, -68.00000,
,,,-00.000000101400, -68.00000,
,,,-00.000000101300, -68.00000,
,,,-00.000000101200, -68.00000,
,,,-00.000000101100, -68.00000,
,,,-00.000000101000, -68.00000,
,,,-00.000000100900, -68.00000,
,,,-00.000000100800, -68.00000,
,,,-00.000000100700, -68.00000,
,,,-00.000000100600, -66.00000,
,,,-00.000000100500, -66.00000,
,,,-00.000000100400, -66.00000,
,,,-00.000000100300, -66.00000,
,,,-00.000000100200, -66.00000,
,,,-00.000000100100, -66.00000,
,,,-00.000000100000, -66.00000,
,,,-00.000000099900, -66.00000,
,,,-00.000000099800, -66.00000,
,,,-00.000000099700, -66.00000,
,,,-00.000000099600, -66.00000,
,,,-00.000000099500, -66.00000,
,,,-00.000000099400, -66.00000,
,,,-00.000000099300, -66.00000,
,,,-00.000000099200, -66.00000,
,,,-00.000000099100, -66.00000,
,,,-00.000000099000, -66.00000,
,,,-00.000000098900, -64.00000,
,,,-00.000000098800, -64.00000,
,,,-00.000000098700, -64.00000,
,,,-00.000000098600, -64.00000,
,,,-00.000000098500, -64.00000,
,,,-00.000000098400, -64.00000,
,,,-00.000000098300, -64.00000,
,,,-00.000000098200, -64.00000,
,,,-00.000000098100, -64.00000,
,,,-00.000000098000, -64.00000,
,,,-00.000000097900, -64.00000,
,,,-00.000000097800, -64.00000,
,,,-00.000000097700, -64.00000,
,,,-00.000000097600, -64.00000,
,,,-00.000000097500, -64.00000,
,,,-00.000000097400, -64.00000,
,,,-00.000000097300, -64.00000,
,,,-00.000000097200, -64.00000,
,,,-00.000000097100, -64.00000,
,,,-00.000000097000, -64.00000,
,,,-00.000000096900, -64.00000,
,,,-00.000000096800, -64.00000,
,,,-00.000000096700, -62.00000,
,,,-00.000000096600, -62.00000,
,,,-00.000000096500, -62.00000,
,,,-00.000000096400, -62.00000,
,,,-00.000000096300, -62.00000,
,,,-00.000000096200, -62.00000,
,,,-00.000000096100, -62.00000,
,,,-00.000000096000, -62.00000,
,,,-00.000000095900, -62.00000,
,,,-00.000000095800, -62.00000,
,,,-00.000000095700, -62.00000,
,,,-00.000000095600, -62.00000,
,,,-00.000000095500, -62.00000,
,,,-00.000000095400, -62.00000,
,,,-00.000000095300, -60.00000,
,,,-00.000000095200, -60.00000,
,,,-00.000000095100, -60.00000,
,,,-00.000000095000, -60.00000,
,,,-00.000000094900, -60.00000,
,,,-00.000000094800, -60.00000,
,,,-00.000000094700, -60.00000,
,,,-00.000000094600, -60.00000,
,,,-00.000000094500, -60.00000,
,,,-00.000000094400, -60.00000,
,,,-00.000000094300, -60.00000,
,,,-00.000000094200, -60.00000,
,,,-00.000000094100, -60.00000,
,,,-00.000000094000, -60.00000,
,,,-00.000000093900, -60.00000,
,,,-00.000000093800, -60.00000,
,,,-00.000000093700, -60.00000,
,,,-00.000000093600, -60.00000,
,,,-00.000000093500, -60.00000,
,,,-00.000000093400, -60.00000,
,,,-00.000000093300, -60.00000,
,,,-00.000000093200, -60.00000,
,,,-00.000000093100, -58.00000,
,,,-00.000000093000, -58.00000,
,,,-00.000000092900, -58.00000,
,,,-00.000000092800, -58.00000,
,,,-00.000000092700, -58.00000,
,,,-00.000000092600, -58.00000,
,,,-00.000000092500, -58.00000,
,,,-00.000000092400, -58.00000,
,,,-00.000000092300, -58.00000,
,,,-00.000000092200, -58.00000,
,,,-00.000000092100, -58.00000,
,,,-00.000000092000, -58.00000,
,,,-00.000000091900, -58.00000,
,,,-00.000000091800, -58.00000,
,,,-00.000000091700, -58.00000,
,,,-00.000000091600, -58.00000,
,,,-00.000000091500, -58.00000,
,,,-00.000000091400, -58.00000,
,,,-00.000000091300, -58.00000,
,,,-00.000000091200, -56.00000,
,,,-00.000000091100, -56.00000,
,,,-00.000000091000, -56.00000,
,,,-00.000000090900, -56.00000,
,,,-00.000000090800, -56.00000,
,,,-00.000000090700, -56.00000,
,,,-00.000000090600, -56.00000,
,,,-00.000000090500, -56.00000,
,,,-00.000000090400, -56.00000,
,,,-00.000000090300, -56.00000,
,,,-00.000000090200, -56.00000,
,,,-00.000000090100, -56.00000,
,,,-00.000000090000, -56.00000,
,,,-00.000000089900, -56.00000,
,,,-00.000000089800, -56.00000,
,,,-00.000000089700, -56.00000,
,,,-00.000000089600, -56.00000,
,,,-00.000000089500, -56.00000,
,,,-00.000000089400, -56.00000,
,,,-00.000000089300, -56.00000,
,,,-00.000000089200, -56.00000,
,,,-00.000000089100, -54.00000,
,,,-00.000000089000, -54.00000,
,,,-00.000000088900, -54.00000,
,,,-00.000000088800, -54.00000,
,,,-00.000000088700, -54.00000,
,,,-00.000000088600, -54.00000,
,,,-00.000000088500, -54.00000,
,,,-00.000000088400, -54.00000,
,,,-00.000000088300, -54.00000,
,,,-00.000000088200, -54.00000,
,,,-00.000000088100, -54.00000,
,,,-00.000000088000, -54.00000,
,,,-00.000000087900, -54.00000,
,,,-00.000000087800, -54.00000,
,,,-00.000000087700, -54.00000,
,,,-00.000000087600, -54.00000,
,,,-00.000000087500, -54.00000,
,,,-00.000000087400, -52.00000,
,,,-00.000000087300, -52.00000,
,,,-00.000000087200, -52.00000,
,,,-00.000000087100, -52.00000,
,,,-00.000000087000, -52.00000,
,,,-00.000000086900, -52.00000,
,,,-00.000000086800, -52.00000,
,,,-00.000000086700, -52.00000,
,,,-00.000000086600, -52.00000,
,,,-00.000000086500, -52.00000,
,,,-00.000000086400, -52.00000,
,,,-00.000000086300, -52.00000,
,,,-00.000000086200, -52.00000,
,,,-00.000000086100, -52.00000,
,,,-00.000000086000, -52.00000,
,,,-00.000000085900, -52.00000,
,,,-00.000000085800, -52.00000,
,,,-00.000000085700, -52.00000,
,,,-00.000000085600, -52.00000,
,,,-00.000000085500, -52.00000,
,,,-00.000000085400, -52.00000,
,,,-00.000000085300, -52.00000,
,,,-00.000000085200, -52.00000,
,,,-00.000000085100, -50.00000,
,,,-00.000000085000, -50.00000,
,,,-00.000000084900, -50.00000,
,,,-00.000000084800, -50.00000,
,,,-00.000000084700, -50.00000,
,,,-00.000000084600, -50.00000,
,,,-00.000000084500, -50.00000,
,,,-00.000000084400, -50.00000,
,,,-00.000000084300, -50.00000,
,,,-00.000000084200, -50.00000,
,,,-00.000000084100, -50.00000,
,,,-00.000000084000, -50.00000,
,,,-00.000000083900, -50.00000,
,,,-00.000000083800, -50.00000,
,,,-00.000000083700, -50.00000,
,,,-00.000000083600, -50.00000,
,,,-00.000000083500, -50.00000,
,,,-00.000000083400, -50.00000,
,,,-00.000000083300, -50.00000,
,,,-00.000000083200, -50.00000,
,,,-00.000000083100, -50.00000,
,,,-00.000000083000, -50.00000,
,,,-00.000000082900, -50.00000,
,,,-00.000000082800, -50.00000,
,,,-00.000000082700, -48.00000,
,,,-00.000000082600, -48.00000,
,,,-00.000000082500, -48.00000,
,,,-00.000000082400, -48.00000,
,,,-00.000000082300, -48.00000,
,,,-00.000000082200, -48.00000,
,,,-00.000000082100, -48.00000,
,,,-00.000000082000, -48.00000,
,,,-00.000000081900, -48.00000,
,,,-00.000000081800, -48.00000,
,,,-00.000000081700, -48.00000,
,,,-00.000000081600, -48.00000,
,,,-00.000000081500, -48.00000,
,,,-00.000000081400, -48.00000,
,,,-00.000000081300, -48.00000,
,,,-00.000000081200, -48.00000,
,,,-00.000000081100, -48.00000,
,,,-00.000000081000, -48.00000,
,,,-00.000000080900, -48.00000,
,,,-00.000000080800, -48.00000,
,,,-00.000000080700, -46.00000,
,,,-00.000000080600, -46.00000,
,,,-00.000000080500, -46.00000,
,,,-00.000000080400, -46.00000,
,,,-00.000000080300, -46.00000,
,,,-00.000000080200, -46.00000,
,,,-00.000000080100, -46.00000,
,,,-00.000000080000, -46.00000,
,,,-00.000000079900, -46.00000,
,,,-00.000000079800, -46.00000,
,,,-00.000000079700, -46.00000,
,,,-00.000000079600, -46.00000,
,,,-00.000000079500, -46.00000,
,,,-00.000000079400, -46.00000,
,,,-00.000000079300, -46.00000,
,,,-00.000000079200, -46.00000,
,,,-00.000000079100, -46.00000,
,,,-00.000000079000, -46.00000,
,,,-00.000000078900, -46.00000,
,,,-00.000000078800, -46.00000,
,,,-00.000000078700, -46.00000,
,,,-00.000000078600, -46.00000,
,,,-00.000000078500, -46.00000,
,,,-00.000000078400, -46.00000,
,,,-00.000000078300, -46.00000,
,,,-00.000000078200, -46.00000,
,,,-00.000000078100, -44.00000,
,,,-00.000000078000, -44.00000,
,,,-00.000000077900, -44.00000,
,,,-00.000000077800, -44.00000,
,,,-00.000000077700, -44.00000,
,,,-00.000000077600, -44.00000,
,,,-00.000000077500, -44.00000,
,,,-00.000000077400, -44.00000,
,,,-00.000000077300, -44.00000,
,,,-00.000000077200, -44.00000,
,,,-00.000000077100, -44.00000,
,,,-00.000000077000, -44.00000,
,,,-00.000000076900, -44.00000,
,,,-00.000000076800, -44.00000,
,,,-00.000000076700, -44.00000,
,,,-00.000000076600, -44.00000,
,,,-00.000000076500, -44.00000,
,,,-00.000000076400, -44.00000,
,,,-00.000000076300, -44.00000,
,,,-00.000000076200, -44.00000,
,,,-00.000000076100, -44.00000,
,,,-00.000000076000, -44.00000,
,,,-00.000000075900, -44.00000,
,,,-00.000000075800, -44.00000,
,,,-00.000000075700, -44.00000,
,,,-00.000000075600, -44.00000,
,,,-00.000000075500, -44.00000,
,,,-00.000000075400, -44.00000,
,,,-00.000000075300, -44.00000,
,,,-00.000000075200, -44.00000,
,,,-00.000000075100, -44.00000,
,,,-00.000000075000, -44.00000,
,,,-00.000000074900, -44.00000,
,,,-00.000000074800, -44.00000,
,,,-00.000000074700, -44.00000,
,,,-00.000000074600, -44.00000,
,,,-00.000000074500, -44.00000,
,,,-00.000000074400, -44.00000,
,,,-00.000000074300, -44.00000,
,,,-00.000000074200, -44.00000,
,,,-00.000000074100, -44.00000,
,,,-00.000000074000, -44.00000,
,,,-00.000000073900, -44.00000,
,,,-00.000000073800, -42.00000,
,,,-00.000000073700, -42.00000,
,,,-00.000000073600, -42.00000,
,,,-00.000000073500, -42.00000,
,,,-00.000000073400, -42.00000,
,,,-00.000000073300, -42.00000,
,,,-00.000000073200, -42.00000,
,,,-00.000000073100, -42.00000,
,,,-00.000000073000, -42.00000,
,,,-00.000000072900, -42.00000,
,,,-00.000000072800, -42.00000,
,,,-00.000000072700, -42.00000,
,,,-00.000000072600, -42.00000,
,,,-00.000000072500, -42.00000,
,,,-00.000000072400, -42.00000,
,,,-00.000000072300, -42.00000,
,,,-00.000000072200, -42.00000,
,,,-00.000000072100, -42.00000,
,,,-00.000000072000, -42.00000,
,,,-00.000000071900, -42.00000,
,,,-00.000000071800, -42.00000,
,,,-00.000000071700, -42.00000,
,,,-00.000000071600, -42.00000,
,,,-00.000000071500, -42.00000,
,,,-00.000000071400, -42.00000,
,,,-00.000000071300, -42.00000,
,,,-00.000000071200, -42.00000,
,,,-00.000000071100, -42.00000,
,,,-00.000000071000, -42.00000,
,,,-00.000000070900, -42.00000,
,,,-00.000000070800, -42.00000,
,,,-00.000000070700, -42.00000,
,,,-00.000000070600, -42.00000,
,,,-00.000000070500, -42.00000,
,,,-00.000000070400, -42.00000,
,,,-00.000000070300, -42.00000,
,,,-00.000000070200, -42.00000,
,,,-00.000000070100, -42.00000,
,,,-00.000000070000, -42.00000,
,,,-00.000000069900, -42.00000,
,,,-00.000000069800, -42.00000,
,,,-00.000000069700, -42.00000,
,,,-00.000000069600, -42.00000,
,,,-00.000000069500, -42.00000,
,,,-00.000000069400, -42.00000,
,,,-00.000000069300, -42.00000,
,,,-00.000000069200, -42.00000,
,,,-00.000000069100, -42.00000,
,,,-00.000000069000, -42.00000,
,,,-00.000000068900, -42.00000,
,,,-00.000000068800, -42.00000,
,,,-00.000000068700, -42.00000,
,,,-00.000000068600, -40.00000,
,,,-00.000000068500, -40.00000,
,,,-00.000000068400, -40.00000,
,,,-00.000000068300, -40.00000,
,,,-00.000000068200, -40.00000,
,,,-00.000000068100, -40.00000,
,,,-00.000000068000, -40.00000,
,,,-00.000000067900, -40.00000,
,,,-00.000000067800, -40.00000,
,,,-00.000000067700, -40.00000,
,,,-00.000000067600, -40.00000,
,,,-00.000000067500, -40.00000,
,,,-00.000000067400, -40.00000,
,,,-00.000000067300, -40.00000,
,,,-00.000000067200, -40.00000,
,,,-00.000000067100, -40.00000,
,,,-00.000000067000, -40.00000,
,,,-00.000000066900, -40.00000,
,,,-00.000000066800, -40.00000,
,,,-00.000000066700, -40.00000,
,,,-00.000000066600, -40.00000,
,,,-00.000000066500, -40.00000,
,,,-00.000000066400, -40.00000,
,,,-00.000000066300, -40.00000,
,,,-00.000000066200, -40.00000,
,,,-00.000000066100, -40.00000,
,,,-00.000000066000, -40.00000,
,,,-00.000000065900, -40.00000,
,,,-00.000000065800, -40.00000,
,,,-00.000000065700, -40.00000,
,,,-00.000000065600, -40.00000,
,,,-00.000000065500, -40.00000,
,,,-00.000000065400, -40.00000,
,,,-00.000000065300, -40.00000,
,,,-00.000000065200, -40.00000,
,,,-00.000000065100, -40.00000,
,,,-00.000000065000, -40.00000,
,,,-00.000000064900, -40.00000,
,,,-00.000000064800, -40.00000,
,,,-00.000000064700, -40.00000,
,,,-00.000000064600, -40.00000,
,,,-00.000000064500, -40.00000,
,,,-00.000000064400, -40.00000,
,,,-00.000000064300, -40.00000,
,,,-00.000000064200, -40.00000,
,,,-00.000000064100, -40.00000,
,,,-00.000000064000, -40.00000,
,,,-00.000000063900, -40.00000,
,,,-00.000000063800, -40.00000,
,,,-00.000000063700, -40.00000,
,,,-00.000000063600, -40.00000,
,,,-00.000000063500, -40.00000,
,,,-00.000000063400, -40.00000,
,,,-00.000000063300, -40.00000,
,,,-00.000000063200, -40.00000,
,,,-00.000000063100, -40.00000,
,,,-00.000000063000, -40.00000,
,,,-00.000000062900, -40.00000,
,,,-00.000000062800, -40.00000,
,,,-00.000000062700, -40.00000,
,,,-00.000000062600, -40.00000,
,,,-00.000000062500, -40.00000,
,,,-00.000000062400, -40.00000,
,,,-00.000000062300, -40.00000,
,,,-00.000000062200, -40.00000,
,,,-00.000000062100, -40.00000,
,,,-00.000000062000, -40.00000,
,,,-00.000000061900, -40.00000,
,,,-00.000000061800, -40.00000,
,,,-00.000000061700, -40.00000,
,,,-00.000000061600, -40.00000,
,,,-00.000000061500, -40.00000,
,,,-00.000000061400, -40.00000,
,,,-00.000000061300, -40.00000,
,,,-00.000000061200, -40.00000,
,,,-00.000000061100, -40.00000,
,,,-00.000000061000, -40.00000,
,,,-00.000000060900, -40.00000,
,,,-00.000000060800, -40.00000,
,,,-00.000000060700, -40.00000,
,,,-00.000000060600, -40.00000,
,,,-00.000000060500, -40.00000,
,,,-00.000000060400, -40.00000,
,,,-00.000000060300, -40.00000,
,,,-00.000000060200, -40.00000,
,,,-00.000000060100, -38.00000,
,,,-00.000000060000, -38.00000,
,,,-00.000000059900, -38.00000,
,,,-00.000000059800, -38.00000,
,,,-00.000000059700, -38.00000,
,,,-00.000000059600, -38.00000,
,,,-00.000000059500, -38.00000,
,,,-00.000000059400, -38.00000,
,,,-00.000000059300, -38.00000,
,,,-00.000000059200, -38.00000,
,,,-00.000000059100, -38.00000,
,,,-00.000000059000, -38.00000,
,,,-00.000000058900, -38.00000,
,,,-00.000000058800, -38.00000,
,,,-00.000000058700, -38.00000,
,,,-00.000000058600, -38.00000,
,,,-00.000000058500, -38.00000,
,,,-00.000000058400, -38.00000,
,,,-00.000000058300, -38.00000,
,,,-00.000000058200, -38.00000,
,,,-00.000000058100, -38.00000,
,,,-00.000000058000, -38.00000,
,,,-00.000000057900, -38.00000,
,,,-00.000000057800, -38.00000,
,,,-00.000000057700, -38.00000,
,,,-00.000000057600, -38.00000,
,,,-00.000000057500, -38.00000,
,,,-00.000000057400, -38.00000,
,,,-00.000000057300, -38.00000,
,,,-00.000000057200, -38.00000,
,,,-00.000000057100, -38.00000,
,,,-00.000000057000, -38.00000,
,,,-00.000000056900, -38.00000,
,,,-00.000000056800, -38.00000,
,,,-00.000000056700, -38.00000,
,,,-00.000000056600, -38.00000,
,,,-00.000000056500, -38.00000,
,,,-00.000000056400, -38.00000,
,,,-00.000000056300, -38.00000,
,,,-00.000000056200, -38.00000,
,,,-00.000000056100, -38.00000,
,,,-00.000000056000, -38.00000,
,,,-00.000000055900, -38.00000,
,,,-00.000000055800, -38.00000,
,,,-00.000000055700, -38.00000,
,,,-00.000000055600, -38.00000,
,,,-00.000000055500, -38.00000,
,,,-00.000000055400, -38.00000,
,,,-00.000000055300, -38.00000,
,,,-00.000000055200, -38.00000,
,,,-00.000000055100, -38.00000,
,,,-00.000000055000, -38.00000,
,,,-00.000000054900, -38.00000,
,,,-00.000000054800, -38.00000,
,,,-00.000000054700, -38.00000,
,,,-00.000000054600, -38.00000,
,,,-00.000000054500, -38.00000,
,,,-00.000000054400, -38.00000,
,,,-00.000000054300, -38.00000,
,,,-00.000000054200, -38.00000,
,,,-00.000000054100, -38.00000,
,,,-00.000000054000, -38.00000,
,,,-00.000000053900, -36.00000,
,,,-00.000000053800, -36.00000,
,,,-00.000000053700, -36.00000,
,,,-00.000000053600, -36.00000,
,,,-00.000000053500, -36.00000,
,,,-00.000000053400, -36.00000,
,,,-00.000000053300, -36.00000,
,,,-00.000000053200, -36.00000,
,,,-00.000000053100, -36.00000,
,,,-00.000000053000, -36.00000,
,,,-00.000000052900, -36.00000,
,,,-00.000000052800, -36.00000,
,,,-00.000000052700, -36.00000,
,,,-00.000000052600, -36.00000,
,,,-00.000000052500, -36.00000,
,,,-00.000000052400, -36.00000,
,,,-00.000000052300, -36.00000,
,,,-00.000000052200, -36.00000,
,,,-00.000000052100, -36.00000,
,,,-00.000000052000, -36.00000,
,,,-00.000000051900, -36.00000,
,,,-00.000000051800, -36.00000,
,,,-00.000000051700, -36.00000,
,,,-00.000000051600, -36.00000,
,,,-00.000000051500, -36.00000,
,,,-00.000000051400, -36.00000,
,,,-00.000000051300, -36.00000,
,,,-00.000000051200, -36.00000,
,,,-00.000000051100, -36.00000,
,,,-00.000000051000, -36.00000,
,,,-00.000000050900, -36.00000,
,,,-00.000000050800, -36.00000,
,,,-00.000000050700, -36.00000,
,,,-00.000000050600, -34.00000,
,,,-00.000000050500, -34.00000,
,,,-00.000000050400, -34.00000,
,,,-00.000000050300, -34.00000,
,,,-00.000000050200, -34.00000,
,,,-00.000000050100, -34.00000,
,,,-00.000000050000, -34.00000,
,,,-00.000000049900, -34.00000,
,,,-00.000000049800, -34.00000,
,,,-00.000000049700, -34.00000,
,,,-00.000000049600, -34.00000,
,,,-00.000000049500, -34.00000,
,,,-00.000000049400, -34.00000,
,,,-00.000000049300, -34.00000,
,,,-00.000000049200, -34.00000,
,,,-00.000000049100, -34.00000,
,,,-00.000000049000, -34.00000,
,,,-00.000000048900, -34.00000,
,,,-00.000000048800, -34.00000,
,,,-00.000000048700, -34.00000,
,,,-00.000000048600, -34.00000,
,,,-00.000000048500, -34.00000,
,,,-00.000000048400, -34.00000,
,,,-00.000000048300, -34.00000,
,,,-00.000000048200, -34.00000,
,,,-00.000000048100, -34.00000,
,,,-00.000000048000, -34.00000,
,,,-00.000000047900, -34.00000,
,,,-00.000000047800, -34.00000,
,,,-00.000000047700, -34.00000,
,,,-00.000000047600, -34.00000,
,,,-00.000000047500, -34.00000,
,,,-00.000000047400, -34.00000,
,,,-00.000000047300, -34.00000,
,,,-00.000000047200, -34.00000,
,,,-00.000000047100, -34.00000,
,,,-00.000000047000, -34.00000,
,,,-00.000000046900, -34.00000,
,,,-00.000000046800, -32.00000,
,,,-00.000000046700, -32.00000,
,,,-00.000000046600, -32.00000,
,,,-00.000000046500, -32.00000,
,,,-00.000000046400, -32.00000,
,,,-00.000000046300, -32.00000,
,,,-00.000000046200, -32.00000,
,,,-00.000000046100, -32.00000,
,,,-00.000000046000, -32.00000,
,,,-00.000000045900, -32.00000,
,,,-00.000000045800, -32.00000,
,,,-00.000000045700, -32.00000,
,,,-00.000000045600, -32.00000,
,,,-00.000000045500, -32.00000,
,,,-00.000000045400, -32.00000,
,,,-00.000000045300, -32.00000,
,,,-00.000000045200, -32.00000,
,,,-00.000000045100, -32.00000,
,,,-00.000000045000, -32.00000,
,,,-00.000000044900, -32.00000,
,,,-00.000000044800, -32.00000,
,,,-00.000000044700, -32.00000,
,,,-00.000000044600, -32.00000,
,,,-00.000000044500, -32.00000,
,,,-00.000000044400, -32.00000,
,,,-00.000000044300, -32.00000,
,,,-00.000000044200, -32.00000,
,,,-00.000000044100, -30.00000,
,,,-00.000000044000, -30.00000,
,,,-00.000000043900, -30.00000,
,,,-00.000000043800, -30.00000,
,,,-00.000000043700, -30.00000,
,,,-00.000000043600, -30.00000,
,,,-00.000000043500, -30.00000,
,,,-00.000000043400, -30.00000,
,,,-00.000000043300, -30.00000,
,,,-00.000000043200, -30.00000,
,,,-00.000000043100, -30.00000,
,,,-00.000000043000, -30.00000,
,,,-00.000000042900, -30.00000,
,,,-00.000000042800, -30.00000,
,,,-00.000000042700, -30.00000,
,,,-00.000000042600, -30.00000,
,,,-00.000000042500, -30.00000,
,,,-00.000000042400, -30.00000,
,,,-00.000000042300, -30.00000,
,,,-00.000000042200, -28.00000,
,,,-00.000000042100, -28.00000,
,,,-00.000000042000, -28.00000,
,,,-00.000000041900, -28.00000,
,,,-00.000000041800, -28.00000,
,,,-00.000000041700, -28.00000,
,,,-00.000000041600, -28.00000,
,,,-00.000000041500, -28.00000,
,,,-00.000000041400, -28.00000,
,,,-00.000000041300, -28.00000,
,,,-00.000000041200, -28.00000,
,,,-00.000000041100, -28.00000,
,,,-00.000000041000, -28.00000,
,,,-00.000000040900, -28.00000,
,,,-00.000000040800, -28.00000,
,,,-00.000000040700, -28.00000,
,,,-00.000000040600, -28.00000,
,,,-00.000000040500, -28.00000,
,,,-00.000000040400, -28.00000,
,,,-00.000000040300, -28.00000,
,,,-00.000000040200, -28.00000,
,,,-00.000000040100, -28.00000,
,,,-00.000000040000, -28.00000,
,,,-00.000000039900, -28.00000,
,,,-00.000000039800, -28.00000,
,,,-00.000000039700, -28.00000,
,,,-00.000000039600, -28.00000,
,,,-00.000000039500, -28.00000,
,,,-00.000000039400, -28.00000,
,,,-00.000000039300, -28.00000,
,,,-00.000000039200, -28.00000,
,,,-00.000000039100, -26.00000,
,,,-00.000000039000, -26.00000,
,,,-00.000000038900, -26.00000,
,,,-00.000000038800, -26.00000,
,,,-00.000000038700, -26.00000,
,,,-00.000000038600, -26.00000,
,,,-00.000000038500, -26.00000,
,,,-00.000000038400, -26.00000,
,,,-00.000000038300, -26.00000,
,,,-00.000000038200, -26.00000,
,,,-00.000000038100, -26.00000,
,,,-00.000000038000, -26.00000,
,,,-00.000000037900, -26.00000,
,,,-00.000000037800, -26.00000,
,,,-00.000000037700, -26.00000,
,,,-00.000000037600, -24.00000,
,,,-00.000000037500, -24.00000,
,,,-00.000000037400, -24.00000,
,,,-00.000000037300, -24.00000,
,,,-00.000000037200, -24.00000,
,,,-00.000000037100, -24.00000,
,,,-00.000000037000, -24.00000,
,,,-00.000000036900, -24.00000,
,,,-00.000000036800, -24.00000,
,,,-00.000000036700, -24.00000,
,,,-00.000000036600, -24.00000,
,,,-00.000000036500, -24.00000,
,,,-00.000000036400, -24.00000,
,,,-00.000000036300, -24.00000,
,,,-00.000000036200, -24.00000,
,,,-00.000000036100, -24.00000,
,,,-00.000000036000, -24.00000,
,,,-00.000000035900, -24.00000,
,,,-00.000000035800, -24.00000,
,,,-00.000000035700, -24.00000,
,,,-00.000000035600, -24.00000,
,,,-00.000000035500, -24.00000,
,,,-00.000000035400, -22.00000,
,,,-00.000000035300, -22.00000,
,,,-00.000000035200, -22.00000,
,,,-00.000000035100, -22.00000,
,,,-00.000000035000, -22.00000,
,,,-00.000000034900, -22.00000,
,,,-00.000000034800, -22.00000,
,,,-00.000000034700, -22.00000,
,,,-00.000000034600, -22.00000,
,,,-00.000000034500, -22.00000,
,,,-00.000000034400, -22.00000,
,,,-00.000000034300, -22.00000,
,,,-00.000000034200, -22.00000,
,,,-00.000000034100, -22.00000,
,,,-00.000000034000, -22.00000,
,,,-00.000000033900, -22.00000,
,,,-00.000000033800, -22.00000,
,,,-00.000000033700, -22.00000,
,,,-00.000000033600, -22.00000,
,,,-00.000000033500, -22.00000,
,,,-00.000000033400, -22.00000,
,,,-00.000000033300, -22.00000,
,,,-00.000000033200, -22.00000,
,,,-00.000000033100, -22.00000,
,,,-00.000000033000, -22.00000,
,,,-00.000000032900, -22.00000,
,,,-00.000000032800, -22.00000,
,,,-00.000000032700, -20.00000,
,,,-00.000000032600, -20.00000,
,,,-00.000000032500, -20.00000,
,,,-00.000000032400, -20.00000,
,,,-00.000000032300, -20.00000,
,,,-00.000000032200, -20.00000,
,,,-00.000000032100, -20.00000,
,,,-00.000000032000, -20.00000,
,,,-00.000000031900, -20.00000,
,,,-00.000000031800, -20.00000,
,,,-00.000000031700, -20.00000,
,,,-00.000000031600, -20.00000,
,,,-00.000000031500, -20.00000,
,,,-00.000000031400, -20.00000,
,,,-00.000000031300, -20.00000,
,,,-00.000000031200, -18.00000,
,,,-00.000000031100, -18.00000,
,,,-00.000000031000, -18.00000,
,,,-00.000000030900, -18.00000,
,,,-00.000000030800, -18.00000,
,,,-00.000000030700, -18.00000,
,,,-00.000000030600, -18.00000,
,,,-00.000000030500, -18.00000,
,,,-00.000000030400, -18.00000,
,,,-00.000000030300, -18.00000,
,,,-00.000000030200, -18.00000,
,,,-00.000000030100, -18.00000,
,,,-00.000000030000, -18.00000,
,,,-00.000000029900, -18.00000,
,,,-00.000000029800, -18.00000,
,,,-00.000000029700, -18.00000,
,,,-00.000000029600, -18.00000,
,,,-00.000000029500, -18.00000,
,,,-00.000000029400, -18.00000,
,,,-00.000000029300, -16.00000,
,,,-00.000000029200, -16.00000,
,,,-00.000000029100, -16.00000,
,,,-00.000000029000, -16.00000,
,,,-00.000000028900, -16.00000,
,,,-00.000000028800, -16.00000,
,,,-00.000000028700, -16.00000,
,,,-00.000000028600, -16.00000,
,,,-00.000000028500, -16.00000,
,,,-00.000000028400, -16.00000,
,,,-00.000000028300, -16.00000,
,,,-00.000000028200, -16.00000,
,,,-00.000000028100, -14.00000,
,,,-00.000000028000, -14.00000,
,,,-00.000000027900, -14.00000,
,,,-00.000000027800, -14.00000,
,,,-00.000000027700, -14.00000,
,,,-00.000000027600, -14.00000,
,,,-00.000000027500, -14.00000,
,,,-00.000000027400, -14.00000,
,,,-00.000000027300, -14.00000,
,,,-00.000000027200, -14.00000,
,,,-00.000000027100, -14.00000,
,,,-00.000000027000, -14.00000,
,,,-00.000000026900, -14.00000,
,,,-00.000000026800, -14.00000,
,,,-00.000000026700, -14.00000,
,,,-00.000000026600, -14.00000,
,,,-00.000000026500, -14.00000,
,,,-00.000000026400, -14.00000,
,,,-00.000000026300, -14.00000,
,,,-00.000000026200, -14.00000,
,,,-00.000000026100, -14.00000,
,,,-00.000000026000, -12.00000,
,,,-00.000000025900, -12.00000,
,,,-00.000000025800, -12.00000,
,,,-00.000000025700, -12.00000,
,,,-00.000000025600, -12.00000,
,,,-00.000000025500, -12.00000,
,,,-00.000000025400, -12.00000,
,,,-00.000000025300, -12.00000,
,,,-00.000000025200, -12.00000,
,,,-00.000000025100, -12.00000,
,,,-00.000000025000, -12.00000,
,,,-00.000000024900, -12.00000,
,,,-00.000000024800, -12.00000,
,,,-00.000000024700, -12.00000,
,,,-00.000000024600, -12.00000,
,,,-00.000000024500, -12.00000,
,,,-00.000000024400, -12.00000,
,,,-00.000000024300, -12.00000,
,,,-00.000000024200, -12.00000,
,,,-00.000000024100, -12.00000,
,,,-00.000000024000, -12.00000,
,,,-00.000000023900, -10.00000,
,,,-00.000000023800, -10.00000,
,,,-00.000000023700, -10.00000,
,,,-00.000000023600, -10.00000,
,,,-00.000000023500, -10.00000,
,,,-00.000000023400, -10.00000,
,,,-00.000000023300, -10.00000,
,,,-00.000000023200, -10.00000,
,,,-00.000000023100, -10.00000,
,,,-00.000000023000, -10.00000,
,,,-00.000000022900, -10.00000,
,,,-00.000000022800, -10.00000,
,,,-00.000000022700, -10.00000,
,,,-00.000000022600, -10.00000,
,,,-00.000000022500, -10.00000,
,,,-00.000000022400, -10.00000,
,,,-00.000000022300, -10.00000,
,,,-00.000000022200, -10.00000,
,,,-00.000000022100, -10.00000,
,,,-00.000000022000, -10.00000,
,,,-00.000000021900, -10.00000,
,,,-00.000000021800,  -8.00000,
,,,-00.000000021700,  -8.00000,
,,,-00.000000021600,  -8.00000,
,,,-00.000000021500,  -8.00000,
,,,-00.000000021400,  -8.00000,
,,,-00.000000021300,  -8.00000,
,,,-00.000000021200,  -8.00000,
,,,-00.000000021100,  -8.00000,
,,,-00.000000021000,  -8.00000,
,,,-00.000000020900,  -8.00000,
,,,-00.000000020800,  -8.00000,
,,,-00.000000020700,  -8.00000,
,,,-00.000000020600,  -8.00000,
,,,-00.000000020500,  -8.00000,
,,,-00.000000020400,  -8.00000,
,,,-00.000000020300,  -6.00000,
,,,-00.000000020200,  -6.00000,
,,,-00.000000020100,  -6.00000,
,,,-00.000000020000,  -6.00000,
,,,-00.000000019900,  -6.00000,
,,,-00.000000019800,  -6.00000,
,,,-00.000000019700,  -6.00000,
,,,-00.000000019600,  -6.00000,
,,,-00.000000019500,  -6.00000,
,,,-00.000000019400,  -6.00000,
,,,-00.000000019300,  -6.00000,
,,,-00.000000019200,  -6.00000,
,,,-00.000000019100,  -6.00000,
,,,-00.000000019000,  -6.00000,
,,,-00.000000018900,  -6.00000,
,,,-00.000000018800,  -6.00000,
,,,-00.000000018700,  -4.00000,
,,,-00.000000018600,  -4.00000,
,,,-00.000000018500,  -4.00000,
,,,-00.000000018400,  -4.00000,
,,,-00.000000018300,  -4.00000,
,,,-00.000000018200,  -4.00000,
,,,-00.000000018100,  -4.00000,
,,,-00.000000018000,  -4.00000,
,,,-00.000000017900,  -4.00000,
,,,-00.000000017800,  -4.00000,
,,,-00.000000017700,  -4.00000,
,,,-00.000000017600,  -4.00000,
,,,-00.000000017500,  -4.00000,
,,,-00.000000017400,  -4.00000,
,,,-00.000000017300,  -4.00000,
,,,-00.000000017200,  -4.00000,
,,,-00.000000017100,  -4.00000,
,,,-00.000000017000,  -4.00000,
,,,-00.000000016900,  -4.00000,
,,,-00.000000016800,  -4.00000,
,,,-00.000000016700,  -2.00000,
,,,-00.000000016600,  -2.00000,
,,,-00.000000016500,  -2.00000,
,,,-00.000000016400,  -2.00000,
,,,-00.000000016300,  -2.00000,
,,,-00.000000016200,  -2.00000,
,,,-00.000000016100,  -2.00000,
,,,-00.000000016000,  -2.00000,
,,,-00.000000015900,  -2.00000,
,,,-00.000000015800,  -2.00000,
,,,-00.000000015700,  -2.00000,
,,,-00.000000015600,  -2.00000,
,,,-00.000000015500,  -2.00000,
,,,-00.000000015400,  -2.00000,
,,,-00.000000015300,  -2.00000,
,,,-00.000000015200,  -2.00000,
,,,-00.000000015100,  -2.00000,
,,,-00.000000015000,  -2.00000,
,,,-00.000000014900,  -2.00000,
,,,-00.000000014800,   0.00000,
,,,-00.000000014700,   0.00000,
,,,-00.000000014600,   0.00000,
,,,-00.000000014500,   0.00000,
,,,-00.000000014400,   0.00000,
,,,-00.000000014300,   0.00000,
,,,-00.000000014200,   0.00000,
,,,-00.000000014100,   0.00000,
,,,-00.000000014000,   0.00000,
,,,-00.000000013900,   0.00000,
,,,-00.000000013800,   0.00000,
,,,-00.000000013700,   0.00000,
,,,-00.000000013600,   0.00000,
,,,-00.000000013500,   0.00000,
,,,-00.000000013400,   0.00000,
,,,-00.000000013300,   0.00000,
,,,-00.000000013200,   2.00000,
,,,-00.000000013100,   2.00000,
,,,-00.000000013000,   2.00000,
,,,-00.000000012900,   2.00000,
,,,-00.000000012800,   2.00000,
,,,-00.000000012700,   2.00000,
,,,-00.000000012600,   2.00000,
,,,-00.000000012500,   2.00000,
,,,-00.000000012400,   2.00000,
,,,-00.000000012300,   2.00000,
,,,-00.000000012200,   2.00000,
,,,-00.000000012100,   2.00000,
,,,-00.000000012000,   2.00000,
,,,-00.000000011900,   2.00000,
,,,-00.000000011800,   2.00000,
,,,-00.000000011700,   2.00000,
,,,-00.000000011600,   2.00000,
,,,-00.000000011500,   2.00000,
,,,-00.000000011400,   2.00000,
,,,-00.000000011300,   4.00000,
,,,-00.000000011200,   4.00000,
,,,-00.000000011100,   4.00000,
,,,-00.000000011000,   4.00000,
,,,-00.000000010900,   4.00000,
,,,-00.000000010800,   4.00000,
,,,-00.000000010700,   4.00000,
,,,-00.000000010600,   4.00000,
,,,-00.000000010500,   4.00000,
,,,-00.000000010400,   4.00000,
,,,-00.000000010300,   4.00000,
,,,-00.000000010200,   4.00000,
,,,-00.000000010100,   4.00000,
,,,-00.000000010000,   4.00000,
,,,-00.000000009900,   4.00000,
,,,-00.000000009800,   4.00000,
,,,-00.000000009700,   4.00000,
,,,-00.000000009600,   4.00000,
,,,-00.000000009500,   4.00000,
,,,-00.000000009400,   6.00000,
,,,-00.000000009300,   6.00000,
,,,-00.000000009200,   6.00000,
,,,-00.000000009100,   6.00000,
,,,-00.000000009000,   6.00000,
,,,-00.000000008900,   6.00000,
,,,-00.000000008800,   6.00000,
,,,-00.000000008700,   6.00000,
,,,-00.000000008600,   6.00000,
,,,-00.000000008500,   6.00000,
,,,-00.000000008400,   6.00000,
,,,-00.000000008300,   6.00000,
,,,-00.000000008200,   6.00000,
,,,-00.000000008100,   6.00000,
,,,-00.000000008000,   6.00000,
,,,-00.000000007900,   6.00000,
,,,-00.000000007800,   6.00000,
,,,-00.000000007700,   6.00000,
,,,-00.000000007600,   6.00000,
,,,-00.000000007500,   8.00000,
,,,-00.000000007400,   8.00000,
,,,-00.000000007300,   8.00000,
,,,-00.000000007200,   8.00000,
,,,-00.000000007100,   8.00000,
,,,-00.000000007000,   8.00000,
,,,-00.000000006900,   8.00000,
,,,-00.000000006800,   8.00000,
,,,-00.000000006700,   8.00000,
,,,-00.000000006600,   8.00000,
,,,-00.000000006500,   8.00000,
,,,-00.000000006400,   8.00000,
,,,-00.000000006300,   8.00000,
,,,-00.000000006200,   8.00000,
,,,-00.000000006100,   8.00000,
,,,-00.000000006000,   8.00000,
,,,-00.000000005900,   8.00000,
,,,-00.000000005800,   8.00000,
,,,-00.000000005700,   8.00000,
,,,-00.000000005600,   8.00000,
,,,-00.000000005500,  10.00000,
,,,-00.000000005400,  10.00000,
,,,-00.000000005300,  10.00000,
,,,-00.000000005200,  10.00000,
,,,-00.000000005100,  10.00000,
,,,-00.000000005000,  10.00000,
,,,-00.000000004900,  10.00000,
,,,-00.000000004800,  10.00000,
,,,-00.000000004700,  10.00000,
,,,-00.000000004600,  10.00000,
,,,-00.000000004500,  10.00000,
,,,-00.000000004400,  10.00000,
,,,-00.000000004300,  10.00000,
,,,-00.000000004200,  10.00000,
,,,-00.000000004100,  10.00000,
,,,-00.000000004000,  10.00000,
,,,-00.000000003900,  10.00000,
,,,-00.000000003800,  10.00000,
,,,-00.000000003700,  12.00000,
,,,-00.000000003600,  12.00000,
,,,-00.000000003500,  12.00000,
,,,-00.000000003400,  12.00000,
,,,-00.000000003300,  12.00000,
,,,-00.000000003200,  12.00000,
,,,-00.000000003100,  12.00000,
,,,-00.000000003000,  12.00000,
,,,-00.000000002900,  12.00000,
,,,-00.000000002800,  12.00000,
,,,-00.000000002700,  12.00000,
,,,-00.000000002600,  12.00000,
,,,-00.000000002500,  12.00000,
,,,-00.000000002400,  12.00000,
,,,-00.000000002300,  12.00000,
,,,-00.000000002200,  12.00000,
,,,-00.000000002100,  12.00000,
,,,-00.000000002000,  12.00000,
,,,-00.000000001900,  12.00000,
,,,-00.000000001800,  14.00000,
,,,-00.000000001700,  14.00000,
,,,-00.000000001600,  14.00000,
,,,-00.000000001500,  14.00000,
,,,-00.000000001400,  14.00000,
,,,-00.000000001300,  14.00000,
,,,-00.000000001200,  14.00000,
,,,-00.000000001100,  14.00000,
,,,-00.000000001000,  14.00000,
,,,-00.000000000900,  14.00000,
,,,-00.000000000800,  14.00000,
,,,-00.000000000700,  14.00000,
,,,-00.000000000600,  14.00000,
,,,-00.000000000500,  14.00000,
,,,-00.000000000400,  14.00000,
,,,-00.000000000300,  14.00000,
,,,-00.000000000200,  14.00000,
,,,-00.000000000100,  14.00000,
,,,-00.000000000000,  14.00000,
,,,00.000000000100,  14.00000,
,,,00.000000000200,  16.00000,
,,,00.000000000300,  16.00000,
,,,00.000000000400,  16.00000,
,,,00.000000000500,  16.00000,
,,,00.000000000600,  16.00000,
,,,00.000000000700,  16.00000,
,,,00.000000000800,  16.00000,
,,,00.000000000900,  16.00000,
,,,00.000000001000,  16.00000,
,,,00.000000001100,  16.00000,
,,,00.000000001200,  16.00000,
,,,00.000000001300,  16.00000,
,,,00.000000001400,  16.00000,
,,,00.000000001500,  16.00000,
,,,00.000000001600,  16.00000,
,,,00.000000001700,  16.00000,
,,,00.000000001800,  16.00000,
,,,00.000000001900,  16.00000,
,,,00.000000002000,  16.00000,
,,,00.000000002100,  16.00000,
,,,00.000000002200,  16.00000,
,,,00.000000002300,  18.00000,
,,,00.000000002400,  18.00000,
,,,00.000000002500,  18.00000,
,,,00.000000002600,  18.00000,
,,,00.000000002700,  18.00000,
,,,00.000000002800,  18.00000,
,,,00.000000002900,  18.00000,
,,,00.000000003000,  18.00000,
,,,00.000000003100,  18.00000,
,,,00.000000003200,  18.00000,
,,,00.000000003300,  18.00000,
,,,00.000000003400,  18.00000,
,,,00.000000003500,  18.00000,
,,,00.000000003600,  18.00000,
,,,00.000000003700,  18.00000,
,,,00.000000003800,  18.00000,
,,,00.000000003900,  18.00000,
,,,00.000000004000,  18.00000,
,,,00.000000004100,  20.00000,
,,,00.000000004200,  20.00000,
,,,00.000000004300,  20.00000,
,,,00.000000004400,  20.00000,
,,,00.000000004500,  20.00000,
,,,00.000000004600,  20.00000,
,,,00.000000004700,  20.00000,
,,,00.000000004800,  20.00000,
,,,00.000000004900,  20.00000,
,,,00.000000005000,  20.00000,
,,,00.000000005100,  20.00000,
,,,00.000000005200,  20.00000,
,,,00.000000005300,  20.00000,
,,,00.000000005400,  20.00000,
,,,00.000000005500,  20.00000,
,,,00.000000005600,  20.00000,
,,,00.000000005700,  20.00000,
,,,00.000000005800,  20.00000,
,,,00.000000005900,  20.00000,
,,,00.000000006000,  20.00000,
,,,00.000000006100,  22.00000,
,,,00.000000006200,  22.00000,
,,,00.000000006300,  22.00000,
,,,00.000000006400,  22.00000,
,,,00.000000006500,  22.00000,
,,,00.000000006600,  22.00000,
,,,00.000000006700,  22.00000,
,,,00.000000006800,  22.00000,
,,,00.000000006900,  22.00000,
,,,00.000000007000,  22.00000,
,,,00.000000007100,  22.00000,
,,,00.000000007200,  22.00000,
,,,00.000000007300,  22.00000,
,,,00.000000007400,  22.00000,
,,,00.000000007500,  22.00000,
,,,00.000000007600,  22.00000,
,,,00.000000007700,  22.00000,
,,,00.000000007800,  22.00000,
,,,00.000000007900,  22.00000,
,,,00.000000008000,  22.00000,
,,,00.000000008100,  22.00000,
,,,00.000000008200,  22.00000,
,,,00.000000008300,  24.00000,
,,,00.000000008400,  24.00000,
,,,00.000000008500,  24.00000,
,,,00.000000008600,  24.00000,
,,,00.000000008700,  24.00000,
,,,00.000000008800,  24.00000,
,,,00.000000008900,  24.00000,
,,,00.000000009000,  24.00000,
,,,00.000000009100,  24.00000,
,,,00.000000009200,  24.00000,
,,,00.000000009300,  24.00000,
,,,00.000000009400,  24.00000,
,,,00.000000009500,  24.00000,
,,,00.000000009600,  24.00000,
,,,00.000000009700,  24.00000,
,,,00.000000009800,  24.00000,
,,,00.000000009900,  24.00000,
,,,00.000000010000,  24.00000,
,,,00.000000010100,  24.00000,
,,,00.000000010200,  24.00000,
,,,00.000000010300,  24.00000,
,,,00.000000010400,  24.00000,
,,,00.000000010500,  24.00000,
,,,00.000000010600,  24.00000,
,,,00.000000010700,  26.00000,
,,,00.000000010800,  26.00000,
,,,00.000000010900,  26.00000,
,,,00.000000011000,  26.00000,
,,,00.000000011100,  26.00000,
,,,00.000000011200,  26.00000,
,,,00.000000011300,  26.00000,
,,,00.000000011400,  26.00000,
,,,00.000000011500,  26.00000,
,,,00.000000011600,  26.00000,
,,,00.000000011700,  26.00000,
,,,00.000000011800,  26.00000,
,,,00.000000011900,  26.00000,
,,,00.000000012000,  26.00000,
,,,00.000000012100,  26.00000,
,,,00.000000012200,  26.00000,
,,,00.000000012300,  26.00000,
,,,00.000000012400,  28.00000,
,,,00.000000012500,  28.00000,
,,,00.000000012600,  28.00000,
,,,00.000000012700,  28.00000,
,,,00.000000012800,  28.00000,
,,,00.000000012900,  28.00000,
,,,00.000000013000,  28.00000,
,,,00.000000013100,  28.00000,
,,,00.000000013200,  28.00000,
,,,00.000000013300,  28.00000,
,,,00.000000013400,  28.00000,
,,,00.000000013500,  28.00000,
,,,00.000000013600,  28.00000,
,,,00.000000013700,  28.00000,
,,,00.000000013800,  28.00000,
,,,00.000000013900,  28.00000,
,,,00.000000014000,  28.00000,
,,,00.000000014100,  28.00000,
,,,00.000000014200,  28.00000,
,,,00.000000014300,  28.00000,
,,,00.000000014400,  28.00000,
,,,00.000000014500,  30.00000,
,,,00.000000014600,  30.00000,
,,,00.000000014700,  30.00000,
,,,00.000000014800,  30.00000,
,,,00.000000014900,  30.00000,
,,,00.000000015000,  30.00000,
,,,00.000000015100,  30.00000,
,,,00.000000015200,  30.00000,
,,,00.000000015300,  30.00000,
,,,00.000000015400,  30.00000,
,,,00.000000015500,  30.00000,
,,,00.000000015600,  30.00000,
,,,00.000000015700,  30.00000,
,,,00.000000015800,  30.00000,
,,,00.000000015900,  30.00000,
,,,00.000000016000,  30.00000,
,,,00.000000016100,  30.00000,
,,,00.000000016200,  32.00000,
,,,00.000000016300,  32.00000,
,,,00.000000016400,  32.00000,
,,,00.000000016500,  32.00000,
,,,00.000000016600,  32.00000,
,,,00.000000016700,  32.00000,
,,,00.000000016800,  32.00000,
,,,00.000000016900,  32.00000,
,,,00.000000017000,  32.00000,
,,,00.000000017100,  30.00000,
,,,00.000000017200,  32.00000,
,,,00.000000017300,  32.00000,
,,,00.000000017400,  32.00000,
,,,00.000000017500,  32.00000,
,,,00.000000017600,  32.00000,
,,,00.000000017700,  32.00000,
,,,00.000000017800,  32.00000,
,,,00.000000017900,  32.00000,
,,,00.000000018000,  32.00000,
,,,00.000000018100,  32.00000,
,,,00.000000018200,  32.00000,
,,,00.000000018300,  32.00000,
,,,00.000000018400,  32.00000,
,,,00.000000018500,  32.00000,
,,,00.000000018600,  32.00000,
,,,00.000000018700,  32.00000,
,,,00.000000018800,  34.00000,
,,,00.000000018900,  34.00000,
,,,00.000000019000,  34.00000,
,,,00.000000019100,  34.00000,
,,,00.000000019200,  34.00000,
,,,00.000000019300,  34.00000,
,,,00.000000019400,  34.00000,
,,,00.000000019500,  34.00000,
,,,00.000000019600,  34.00000,
,,,00.000000019700,  34.00000,
,,,00.000000019800,  34.00000,
,,,00.000000019900,  34.00000,
,,,00.000000020000,  34.00000,
,,,00.000000020100,  34.00000,
,,,00.000000020200,  34.00000,
,,,00.000000020300,  34.00000,
,,,00.000000020400,  34.00000,
,,,00.000000020500,  34.00000,
,,,00.000000020600,  34.00000,
,,,00.000000020700,  36.00000,
,,,00.000000020800,  36.00000,
,,,00.000000020900,  36.00000,
,,,00.000000021000,  36.00000,
,,,00.000000021100,  36.00000,
,,,00.000000021200,  36.00000,
,,,00.000000021300,  36.00000,
,,,00.000000021400,  36.00000,
,,,00.000000021500,  36.00000,
,,,00.000000021600,  36.00000,
,,,00.000000021700,  36.00000,
,,,00.000000021800,  36.00000,
,,,00.000000021900,  36.00000,
,,,00.000000022000,  36.00000,
,,,00.000000022100,  36.00000,
,,,00.000000022200,  36.00000,
,,,00.000000022300,  36.00000,
,,,00.000000022400,  36.00000,
,,,00.000000022500,  36.00000,
,,,00.000000022600,  36.00000,
,,,00.000000022700,  36.00000,
,,,00.000000022800,  36.00000,
,,,00.000000022900,  36.00000,
,,,00.000000023000,  36.00000,
,,,00.000000023100,  36.00000,
,,,00.000000023200,  36.00000,
,,,00.000000023300,  36.00000,
,,,00.000000023400,  36.00000,
,,,00.000000023500,  36.00000,
,,,00.000000023600,  36.00000,
,,,00.000000023700,  36.00000,
,,,00.000000023800,  36.00000,
,,,00.000000023900,  36.00000,
,,,00.000000024000,  38.00000,
,,,00.000000024100,  38.00000,
,,,00.000000024200,  38.00000,
,,,00.000000024300,  38.00000,
,,,00.000000024400,  38.00000,
,,,00.000000024500,  38.00000,
,,,00.000000024600,  38.00000,
,,,00.000000024700,  38.00000,
,,,00.000000024800,  38.00000,
,,,00.000000024900,  38.00000,
,,,00.000000025000,  38.00000,
,,,00.000000025100,  38.00000,
,,,00.000000025200,  38.00000,
,,,00.000000025300,  38.00000,
,,,00.000000025400,  38.00000,
,,,00.000000025500,  38.00000,
,,,00.000000025600,  38.00000,
,,,00.000000025700,  38.00000,
,,,00.000000025800,  38.00000,
,,,00.000000025900,  38.00000,
,,,00.000000026000,  38.00000,
,,,00.000000026100,  38.00000,
,,,00.000000026200,  38.00000,
,,,00.000000026300,  38.00000,
,,,00.000000026400,  38.00000,
,,,00.000000026500,  38.00000,
,,,00.000000026600,  38.00000,
,,,00.000000026700,  38.00000,
,,,00.000000026800,  38.00000,
,,,00.000000026900,  38.00000,
,,,00.000000027000,  38.00000,
,,,00.000000027100,  38.00000,
,,,00.000000027200,  38.00000,
,,,00.000000027300,  40.00000,
,,,00.000000027400,  38.00000,
,,,00.000000027500,  40.00000,
,,,00.000000027600,  40.00000,
,,,00.000000027700,  40.00000,
,,,00.000000027800,  40.00000,
,,,00.000000027900,  40.00000,
,,,00.000000028000,  40.00000,
,,,00.000000028100,  40.00000,
,,,00.000000028200,  40.00000,
,,,00.000000028300,  40.00000,
,,,00.000000028400,  40.00000,
,,,00.000000028500,  40.00000,
,,,00.000000028600,  40.00000,
,,,00.000000028700,  40.00000,
,,,00.000000028800,  40.00000,
,,,00.000000028900,  40.00000,
,,,00.000000029000,  40.00000,
,,,00.000000029100,  40.00000,
,,,00.000000029200,  40.00000,
,,,00.000000029300,  40.00000,
,,,00.000000029400,  40.00000,
,,,00.000000029500,  40.00000,
,,,00.000000029600,  40.00000,
,,,00.000000029700,  40.00000,
,,,00.000000029800,  40.00000,
,,,00.000000029900,  40.00000,
,,,00.000000030000,  40.00000,
,,,00.000000030100,  40.00000,
,,,00.000000030200,  40.00000,
,,,00.000000030300,  40.00000,
,,,00.000000030400,  40.00000,
,,,00.000000030500,  40.00000,
,,,00.000000030600,  40.00000,
,,,00.000000030700,  40.00000,
,,,00.000000030800,  40.00000,
,,,00.000000030900,  40.00000,
,,,00.000000031000,  40.00000,
,,,00.000000031100,  40.00000,
,,,00.000000031200,  40.00000,
,,,00.000000031300,  42.00000,
,,,00.000000031400,  42.00000,
,,,00.000000031500,  42.00000,
,,,00.000000031600,  42.00000,
,,,00.000000031700,  42.00000,
,,,00.000000031800,  42.00000,
,,,00.000000031900,  42.00000,
,,,00.000000032000,  42.00000,
,,,00.000000032100,  42.00000,
,,,00.000000032200,  42.00000,
,,,00.000000032300,  42.00000,
,,,00.000000032400,  42.00000,
,,,00.000000032500,  42.00000,
,,,00.000000032600,  42.00000,
,,,00.000000032700,  42.00000,
,,,00.000000032800,  42.00000,
,,,00.000000032900,  42.00000,
,,,00.000000033000,  42.00000,
,,,00.000000033100,  42.00000,
,,,00.000000033200,  42.00000,
,,,00.000000033300,  42.00000,
,,,00.000000033400,  42.00000,
,,,00.000000033500,  42.00000,
,,,00.000000033600,  42.00000,
,,,00.000000033700,  42.00000,
,,,00.000000033800,  42.00000,
,,,00.000000033900,  42.00000,
,,,00.000000034000,  42.00000,
,,,00.000000034100,  42.00000,
,,,00.000000034200,  42.00000,
,,,00.000000034300,  42.00000,
,,,00.000000034400,  42.00000,
,,,00.000000034500,  42.00000,
,,,00.000000034600,  42.00000,
,,,00.000000034700,  42.00000,
,,,00.000000034800,  42.00000,
,,,00.000000034900,  42.00000,
,,,00.000000035000,  42.00000,
,,,00.000000035100,  42.00000,
,,,00.000000035200,  42.00000,
,,,00.000000035300,  42.00000,
,,,00.000000035400,  42.00000,
,,,00.000000035500,  42.00000,
,,,00.000000035600,  42.00000,
,,,00.000000035700,  42.00000,
,,,00.000000035800,  42.00000,
,,,00.000000035900,  42.00000,
,,,00.000000036000,  42.00000,
,,,00.000000036100,  42.00000,
,,,00.000000036200,  42.00000,
,,,00.000000036300,  42.00000,
,,,00.000000036400,  42.00000,
,,,00.000000036500,  42.00000,
,,,00.000000036600,  42.00000,
,,,00.000000036700,  42.00000,
,,,00.000000036800,  42.00000,
,,,00.000000036900,  42.00000,
,,,00.000000037000,  42.00000,
,,,00.000000037100,  42.00000,
,,,00.000000037200,  42.00000,
,,,00.000000037300,  42.00000,
,,,00.000000037400,  42.00000,
,,,00.000000037500,  42.00000,
,,,00.000000037600,  44.00000,
,,,00.000000037700,  44.00000,
,,,00.000000037800,  44.00000,
,,,00.000000037900,  44.00000,
,,,00.000000038000,  44.00000,
,,,00.000000038100,  42.00000,
,,,00.000000038200,  44.00000,
,,,00.000000038300,  44.00000,
,,,00.000000038400,  44.00000,
,,,00.000000038500,  44.00000,
,,,00.000000038600,  42.00000,
,,,00.000000038700,  44.00000,
,,,00.000000038800,  44.00000,
,,,00.000000038900,  42.00000,
,,,00.000000039000,  42.00000,
,,,00.000000039100,  42.00000,
,,,00.000000039200,  42.00000,
,,,00.000000039300,  42.00000,
,,,00.000000039400,  42.00000,
,,,00.000000039500,  42.00000,
,,,00.000000039600,  42.00000,
,,,00.000000039700,  42.00000,
,,,00.000000039800,  42.00000,
,,,00.000000039900,  42.00000,
,,,00.000000040000,  42.00000,
,,,00.000000040100,  42.00000,
,,,00.000000040200,  42.00000,
,,,00.000000040300,  44.00000,
,,,00.000000040400,  44.00000,
,,,00.000000040500,  44.00000,
,,,00.000000040600,  44.00000,
,,,00.000000040700,  44.00000,
,,,00.000000040800,  44.00000,
,,,00.000000040900,  44.00000,
,,,00.000000041000,  44.00000,
,,,00.000000041100,  44.00000,
,,,00.000000041200,  44.00000,
,,,00.000000041300,  44.00000,
,,,00.000000041400,  44.00000,
,,,00.000000041500,  44.00000,
,,,00.000000041600,  44.00000,
,,,00.000000041700,  44.00000,
,,,00.000000041800,  44.00000,
,,,00.000000041900,  44.00000,
,,,00.000000042000,  42.00000,
,,,00.000000042100,  42.00000,
,,,00.000000042200,  42.00000,
,,,00.000000042300,  44.00000,
,,,00.000000042400,  42.00000,
,,,00.000000042500,  42.00000,
,,,00.000000042600,  42.00000,
,,,00.000000042700,  42.00000,
,,,00.000000042800,  44.00000,
,,,00.000000042900,  42.00000,
,,,00.000000043000,  42.00000,
,,,00.000000043100,  42.00000,
,,,00.000000043200,  42.00000,
,,,00.000000043300,  42.00000,
,,,00.000000043400,  42.00000,
,,,00.000000043500,  44.00000,
,,,00.000000043600,  44.00000,
,,,00.000000043700,  44.00000,
,,,00.000000043800,  44.00000,
,,,00.000000043900,  44.00000,
,,,00.000000044000,  44.00000,
,,,00.000000044100,  44.00000,
,,,00.000000044200,  44.00000,
,,,00.000000044300,  44.00000,
,,,00.000000044400,  44.00000,
,,,00.000000044500,  44.00000,
,,,00.000000044600,  44.00000,
,,,00.000000044700,  44.00000,
,,,00.000000044800,  44.00000,
,,,00.000000044900,  44.00000,
,,,00.000000045000,  44.00000,
,,,00.000000045100,  44.00000,
,,,00.000000045200,  44.00000,
,,,00.000000045300,  44.00000,
,,,00.000000045400,  44.00000,
,,,00.000000045500,  44.00000,
,,,00.000000045600,  44.00000,
,,,00.000000045700,  44.00000,
,,,00.000000045800,  44.00000,
,,,00.000000045900,  44.00000,
,,,00.000000046000,  44.00000,
,,,00.000000046100,  44.00000,
,,,00.000000046200,  44.00000,
,,,00.000000046300,  44.00000,
,,,00.000000046400,  44.00000,
,,,00.000000046500,  44.00000,
,,,00.000000046600,  44.00000,
,,,00.000000046700,  44.00000,
,,,00.000000046800,  44.00000,
,,,00.000000046900,  44.00000,
,,,00.000000047000,  44.00000,
,,,00.000000047100,  44.00000,
,,,00.000000047200,  44.00000,
,,,00.000000047300,  44.00000,
,,,00.000000047400,  44.00000,
,,,00.000000047500,  44.00000,
,,,00.000000047600,  44.00000,
,,,00.000000047700,  44.00000,
,,,00.000000047800,  44.00000,
,,,00.000000047900,  44.00000,
,,,00.000000048000,  44.00000,
,,,00.000000048100,  44.00000,
,,,00.000000048200,  44.00000,
,,,00.000000048300,  44.00000,
,,,00.000000048400,  44.00000,
,,,00.000000048500,  44.00000,
,,,00.000000048600,  44.00000,
,,,00.000000048700,  44.00000,
,,,00.000000048800,  44.00000,
,,,00.000000048900,  44.00000,
,,,00.000000049000,  44.00000,
,,,00.000000049100,  44.00000,
,,,00.000000049200,  44.00000,
,,,00.000000049300,  44.00000,
,,,00.000000049400,  44.00000,
,,,00.000000049500,  44.00000,
,,,00.000000049600,  44.00000,
,,,00.000000049700,  44.00000,
,,,00.000000049800,  42.00000,
,,,00.000000049900,  42.00000,
,,,00.000000050000,  42.00000,
,,,00.000000050100,  42.00000,
,,,00.000000050200,  42.00000,
,,,00.000000050300,  42.00000,
,,,00.000000050400,  42.00000,
,,,00.000000050500,  42.00000,
,,,00.000000050600,  42.00000,
,,,00.000000050700,  42.00000,
,,,00.000000050800,  42.00000,
,,,00.000000050900,  42.00000,
,,,00.000000051000,  42.00000,
,,,00.000000051100,  42.00000,
,,,00.000000051200,  42.00000,
,,,00.000000051300,  42.00000,
,,,00.000000051400,  42.00000,
,,,00.000000051500,  42.00000,
,,,00.000000051600,  42.00000,
,,,00.000000051700,  42.00000,
,,,00.000000051800,  42.00000,
,,,00.000000051900,  42.00000,
,,,00.000000052000,  42.00000,
,,,00.000000052100,  42.00000,
,,,00.000000052200,  42.00000,
,,,00.000000052300,  42.00000,
,,,00.000000052400,  42.00000,
,,,00.000000052500,  42.00000,
,,,00.000000052600,  42.00000,
,,,00.000000052700,  42.00000,
,,,00.000000052800,  42.00000,
,,,00.000000052900,  42.00000,
,,,00.000000053000,  42.00000,
,,,00.000000053100,  42.00000,
,,,00.000000053200,  42.00000,
,,,00.000000053300,  42.00000,
,,,00.000000053400,  42.00000,
,,,00.000000053500,  42.00000,
,,,00.000000053600,  42.00000,
,,,00.000000053700,  42.00000,
,,,00.000000053800,  42.00000,
,,,00.000000053900,  42.00000,
,,,00.000000054000,  42.00000,
,,,00.000000054100,  42.00000,
,,,00.000000054200,  42.00000,
,,,00.000000054300,  42.00000,
,,,00.000000054400,  42.00000,
,,,00.000000054500,  42.00000,
,,,00.000000054600,  42.00000,
,,,00.000000054700,  42.00000,
,,,00.000000054800,  42.00000,
,,,00.000000054900,  42.00000,
,,,00.000000055000,  42.00000,
,,,00.000000055100,  42.00000,
,,,00.000000055200,  42.00000,
,,,00.000000055300,  42.00000,
,,,00.000000055400,  42.00000,
,,,00.000000055500,  42.00000,
,,,00.000000055600,  42.00000,
,,,00.000000055700,  42.00000,
,,,00.000000055800,  42.00000,
,,,00.000000055900,  42.00000,
,,,00.000000056000,  42.00000,
,,,00.000000056100,  42.00000,
,,,00.000000056200,  42.00000,
,,,00.000000056300,  42.00000,
,,,00.000000056400,  42.00000,
,,,00.000000056500,  42.00000,
,,,00.000000056600,  42.00000,
,,,00.000000056700,  42.00000,
,,,00.000000056800,  42.00000,
,,,00.000000056900,  42.00000,
,,,00.000000057000,  42.00000,
,,,00.000000057100,  42.00000,
,,,00.000000057200,  42.00000,
,,,00.000000057300,  42.00000,
,,,00.000000057400,  42.00000,
,,,00.000000057500,  42.00000,
,,,00.000000057600,  42.00000,
,,,00.000000057700,  42.00000,
,,,00.000000057800,  42.00000,
,,,00.000000057900,  42.00000,
,,,00.000000058000,  42.00000,
,,,00.000000058100,  42.00000,
,,,00.000000058200,  42.00000,
,,,00.000000058300,  42.00000,
,,,00.000000058400,  42.00000,
,,,00.000000058500,  42.00000,
,,,00.000000058600,  42.00000,
,,,00.000000058700,  42.00000,
,,,00.000000058800,  42.00000,
,,,00.000000058900,  42.00000,
,,,00.000000059000,  42.00000,
,,,00.000000059100,  42.00000,
,,,00.000000059200,  42.00000,
,,,00.000000059300,  42.00000,
,,,00.000000059400,  42.00000,
,,,00.000000059500,  42.00000,
,,,00.000000059600,  42.00000,
,,,00.000000059700,  42.00000,
,,,00.000000059800,  42.00000,
,,,00.000000059900,  42.00000,
,,,00.000000060000,  42.00000,
,,,00.000000060100,  42.00000,
,,,00.000000060200,  42.00000,
,,,00.000000060300,  42.00000,
,,,00.000000060400,  42.00000,
,,,00.000000060500,  42.00000,
,,,00.000000060600,  42.00000,
,,,00.000000060700,  42.00000,
,,,00.000000060800,  42.00000,
,,,00.000000060900,  42.00000,
,,,00.000000061000,  42.00000,
,,,00.000000061100,  42.00000,
,,,00.000000061200,  42.00000,
,,,00.000000061300,  42.00000,
,,,00.000000061400,  42.00000,
,,,00.000000061500,  42.00000,
,,,00.000000061600,  42.00000,
,,,00.000000061700,  42.00000,
,,,00.000000061800,  42.00000,
,,,00.000000061900,  42.00000,
